,,,,Overall,,,,,,,PP,,SH,,Defense,
Player Name,Team,Pos,Games,G,A,Pts,+/-,PIM,SOG,GWG,G,A,G,A,Hits,BS
Leon Draisaitl,EDM,C,16,17,16,33,10,10,55,5,9,4,0,0,6,4
Andrew Mangiapane,CGY,LW,17,12,2,14,6,6,44,3,2,0,0,0,15,4
Kyle Connor,WPG,LW,17,12,10,22,10,2,79,0,1,4,0,0,9,4
Alex Ovechkin,WAS,LW,17,12,14,26,12,2,72,0,2,4,1,0,25,5
Chris Kreider,NYR,LW,17,12,3,15,2,10,52,0,7,0,0,0,40,7
Troy Terry,ANH,C,17,12,10,22,6,4,43,3,3,3,0,0,1,7
Connor McDavid,EDM,C,16,11,19,30,3,10,66,1,4,11,0,0,14,3
Pierre-Luc Dubois,WPG,C,17,10,6,16,8,18,52,2,3,1,0,0,25,13
Alex DeBrincat,CHI,RW,16,9,3,12,-3,9,47,1,3,1,0,0,24,8
Tyler Bertuzzi,DET,LW,16,9,8,17,8,12,34,2,1,1,0,0,15,10
Anthony Duclair,FLA,LW,17,9,7,16,14,2,34,0,1,2,0,0,6,6
Jordan Eberle,SEA,RW,17,9,5,14,-10,2,42,1,2,2,0,0,16,15
Matt Duchene,NSH,C,16,9,7,16,1,6,47,3,2,3,0,0,3,7
Steven Stamkos,TB,C,15,9,9,18,-2,2,41,1,4,3,0,0,14,7
Boone Jenner,CLS,LW,14,9,2,11,-4,6,46,1,4,0,0,0,13,12
Jonathan Marchessault,VGK,LW,15,9,4,13,-1,4,43,2,1,1,0,0,14,5
Aleksander Barkov,FLA,C,15,9,8,17,11,2,44,2,2,0,0,0,14,4
Elias Lindholm,CGY,RW,17,8,10,18,13,2,51,2,2,6,1,0,15,12
Brad Marchand,BOS,LW,13,8,11,19,1,14,31,1,2,7,0,0,18,3
John Tavares,TOR,C,17,8,8,16,-1,8,60,0,2,2,0,0,20,12
Anze Kopitar,LA,C,16,8,8,16,-3,2,46,1,3,3,0,0,14,20
Ryan Hartman,MIN,RW,16,8,4,12,11,8,53,3,1,0,0,0,14,9
Dylan Larkin,DET,C,15,8,7,15,1,14,50,3,2,1,0,0,6,8
Jordan Kyrou,STL,RW,16,8,10,18,7,0,41,0,2,4,0,1,2,6
Matthew Tkachuk,CGY,LW,17,8,7,15,8,18,58,0,5,3,0,0,21,4
Zach Hyman,EDM,RW,16,8,5,13,-2,6,47,1,3,2,1,0,12,5
Auston Matthews,TOR,C,15,7,8,15,1,2,63,3,4,3,0,0,14,11
Brandon Tanev,SEA,LW,17,7,2,9,-1,13,34,2,2,0,0,0,64,7
Sebastian Aho,CAR,LW,15,7,9,16,5,8,49,0,5,1,0,0,8,7
Jonathan Dahlen,SJ,LW,15,7,2,9,4,0,31,2,1,0,0,0,2,6
Brayden Point,TB,C,15,7,6,13,5,7,37,2,1,3,0,0,13,5
William Nylander,TOR,C,18,7,9,16,0,2,65,4,3,4,0,0,5,1
Pavel Zacha,NJ,C,15,7,4,11,-2,4,41,1,2,2,0,0,16,4
Claude Giroux,PHI,C,15,7,7,14,-1,8,49,0,1,2,0,0,12,2
Alex Killorn,TB,C,15,7,9,16,5,16,25,1,0,1,0,0,17,3
Tomas Hertl,SJ,LW,16,7,4,11,-8,6,49,0,1,2,0,0,15,6
J.T. Miller,VAN,C,18,7,12,19,1,6,44,1,2,5,0,0,46,11
Vladislav Namestnikov,DET,C,19,7,3,10,-1,8,27,0,0,0,0,0,17,11
Vladimir Tarasenko,STL,RW,16,7,7,14,0,4,66,2,0,4,0,1,15,14
Brock Nelson,NYI,C,13,7,2,9,-3,11,34,1,1,1,0,0,10,10
Cam Atkinson,PHI,RW,15,7,2,9,11,2,43,3,0,0,1,0,8,6
Drake Batherson,OTT,RW,14,7,9,16,1,6,42,0,0,5,0,0,37,5
Andrei Svechnikov,CAR,RW,15,7,11,18,10,24,47,1,1,6,0,0,28,0
Lucas Raymond,DET,RW,19,7,11,18,0,4,48,0,3,2,0,0,8,5
Eetu Luostarinen,FLA,LW,14,6,0,6,5,0,21,3,0,0,0,0,17,13
Josh Norris,OTT,C,15,6,4,10,1,4,39,0,3,0,0,0,18,12
Trevor Zegras,ANH,C,16,6,4,10,-5,16,36,2,2,0,0,0,9,7
Gabriel Landeskog,COL,LW,12,6,8,14,9,12,34,1,0,3,0,0,19,12
Adam Henrique,ANH,C,18,6,9,15,7,4,53,0,2,2,0,0,10,16
Jonathan Huberdeau,FLA,LW,17,6,11,17,6,2,32,2,1,4,1,0,27,8
Brandon Saad,STL,LW,12,6,1,7,2,4,34,0,1,0,1,0,3,4
Andre Burakovsky,COL,LW,13,6,4,10,-3,4,23,1,2,2,0,0,10,4
Johnny Gaudreau,CGY,LW,17,6,13,19,11,2,55,2,1,1,0,0,2,1
Patrice Bergeron,BOS,C,13,6,7,13,6,4,40,2,3,3,0,0,18,7
Logan Couture,SJ,C,15,6,8,14,8,4,35,1,0,1,1,1,18,14
Patrick Kane,CHI,RW,12,6,11,17,0,0,56,2,2,4,0,0,3,2
David Perron,STL,RW,16,6,8,14,-1,12,40,1,3,3,0,0,10,3
Roman Josi,NSH,D,16,6,10,16,8,14,47,1,4,4,0,0,10,19
Reilly Smith,VGK,RW,17,6,6,12,3,4,52,2,1,1,1,0,21,9
Evgeny Kuznetsov,WAS,C,17,6,15,21,8,10,49,1,1,6,1,1,8,6
Evan Rodrigues,PIT,C,16,6,5,11,4,0,48,0,1,0,0,0,18,4
Timo Meier,SJ,LW,11,6,9,15,7,0,48,2,2,0,0,0,21,9
Nikolaj Ehlers,WPG,LW,17,6,7,13,8,6,65,1,0,1,0,0,6,6
Jared McCann,SEA,C,12,6,4,10,-8,6,22,0,3,0,0,0,15,5
Jake Guentzel,PIT,LW,15,6,7,13,-3,8,47,0,1,1,0,0,24,14
Alex Iafallo,LA,C,16,6,7,13,2,2,49,2,1,1,0,0,11,11
Joel Eriksson Ek,MIN,C,16,6,3,9,3,4,41,1,3,0,0,0,24,13
Andreas Johnsson,NJ,LW,15,6,5,11,8,10,24,0,1,0,0,0,12,4
Mikko Rantanen,COL,RW,11,6,6,12,1,10,38,0,3,1,0,0,8,4
Jesse Puljujarvi,EDM,RW,16,6,8,14,6,8,39,0,1,2,0,0,18,2
Conor Garland,VAN,RW,18,5,9,14,0,8,40,2,1,1,0,0,12,3
Travis Konecny,PHI,C,15,5,4,9,0,8,48,1,2,0,0,0,18,5
Tage Thompson,BUF,RW,16,5,4,9,2,4,44,0,1,0,0,0,11,5
Carter Verhaeghe,FLA,C,17,5,9,14,7,12,29,1,0,1,0,0,9,1
J.T. Compher,COL,C,12,5,4,9,0,6,24,0,1,2,1,0,7,9
Oliver Bjorkstrand,CLS,RW,14,5,12,17,-4,2,43,0,2,4,0,0,7,5
Adrian Kempe,LA,C,16,5,4,9,-3,14,48,1,0,2,0,0,26,3
Aaron Ekblad,FLA,D,17,5,8,13,14,4,51,0,1,3,0,0,20,15
Sam Bennett,FLA,LW,13,5,4,9,12,14,44,2,1,1,0,1,27,5
Chandler Stephenson,VGK,C,17,5,11,16,5,6,26,1,0,2,0,0,19,13
Lawson Crouse,ARI,LW,17,5,4,9,-1,22,42,1,0,2,0,0,39,7
Andrew Copp,WPG,C,17,5,11,16,12,6,45,1,1,1,1,1,15,9
Garnet Hathaway,WAS,RW,17,5,1,6,5,8,32,2,0,0,0,1,61,8
Danton Heinen,PIT,C,16,5,3,8,-2,8,35,0,2,0,0,0,19,13
Evgenii Dadonov,VGK,RW,17,5,4,9,6,0,49,1,1,0,0,0,15,8
Tyler Seguin,DAL,C,15,5,4,9,-5,4,42,1,1,2,0,0,14,7
Nazem Kadri,COL,C,14,5,14,19,1,26,40,0,2,5,0,0,12,3
Jesper Fast,CAR,RW,15,5,2,7,7,0,23,0,0,0,0,0,25,8
Teddy Blueger,PIT,C,16,5,2,7,1,2,29,0,0,0,0,0,28,10
Chris Tierney,OTT,C,15,5,1,6,-7,4,22,1,3,1,0,0,9,11
Bo Horvat,VAN,C,18,5,5,10,-2,10,46,0,1,1,0,0,15,9
Tom Wilson,WAS,RW,17,5,9,14,12,20,31,1,1,0,0,1,41,17
Dougie Hamilton,NJ,D,12,5,5,10,4,6,47,0,1,3,0,0,19,25
Marcus Foligno,MIN,LW,16,5,5,10,4,39,19,1,2,1,0,0,41,4
Sean Couturier,PHI,C,15,5,8,13,2,4,41,2,1,3,0,0,7,6
Charlie Coyle,BOS,C,13,5,3,8,-2,6,28,1,1,0,0,0,21,5
Jeff Skinner,BUF,LW,16,5,4,9,-2,2,52,1,0,2,0,0,4,7
Ryan Johansen,NSH,C,16,5,4,9,-6,6,21,1,2,1,0,0,11,10
Oliver Wahlstrom,NYI,RW,13,5,0,5,-1,8,33,1,2,0,0,0,23,4
Cale Makar,COL,D,12,5,8,13,-4,2,30,2,1,5,0,0,11,9
Alexandre Texier,CLS,C,14,5,1,6,1,0,24,0,0,0,0,0,5,2
Tanner Jeannot,NSH,LW,16,5,3,8,2,22,29,1,0,0,0,0,41,7
Victor Olofsson,BUF,LW,8,5,4,9,3,4,22,0,1,2,0,0,0,2
Dawson Mercer,NJ,C,15,5,6,11,6,10,36,0,0,1,0,0,7,6
Nils Hoglander,VAN,LW,18,5,4,9,5,8,46,0,0,1,0,0,7,5
Cole Sillinger,CLS,C,14,4,4,8,-1,15,40,1,0,1,0,0,8,6
Nick Suzuki,MON,C,19,4,10,14,-8,2,45,2,2,3,1,0,16,11
Jesper Bratt,NJ,LW,15,4,7,11,3,8,40,1,0,2,0,0,9,4
Joel Farabee,PHI,LW,15,4,3,7,8,4,23,0,1,0,0,0,22,5
Brandon Hagel,CHI,LW,13,4,2,6,-5,2,24,0,0,0,0,0,8,2
Alexis Lafreniere,NYR,LW,17,4,1,5,-1,8,26,2,0,0,0,0,29,7
Mike Hoffman,MON,LW,13,4,3,7,-9,2,34,2,2,3,0,0,8,4
Anders Lee,NYI,C,12,4,0,4,-4,6,31,1,0,0,0,0,14,3
Mika Zibanejad,NYR,C,17,4,10,14,3,2,44,0,2,4,0,1,12,9
Rickard Rakell,ANH,C,8,4,0,4,-2,2,29,0,2,0,0,0,6,6
Vincent Trocheck,CAR,C,15,4,9,13,9,16,28,1,2,2,0,0,32,8
Brock McGinn,PIT,LW,16,4,3,7,3,8,31,1,0,0,0,0,26,10
Sam Carrick,ANH,C,10,4,1,5,1,4,19,0,0,0,0,0,20,3
Ondrej Palat,TB,LW,15,4,6,10,1,8,32,3,0,0,0,0,27,13
Filip Forsberg,NSH,RW,9,4,3,7,-2,4,22,1,0,2,0,0,8,6
Jamie Benn,DAL,C,15,4,3,7,0,15,38,1,1,1,0,0,37,9
Taylor Hall,BOS,LW,13,4,5,9,-1,8,29,0,1,1,0,0,14,9
Mats Zuccarello,MIN,RW,12,4,8,12,5,2,24,0,0,4,0,0,3,5
Kevin Shattenkirk,ANH,D,18,4,10,14,6,10,32,0,0,7,0,0,13,27
Milan Lucic,CGY,LW,17,4,2,6,-3,16,24,0,0,1,0,0,44,6
Joe Pavelski,DAL,RW,15,4,5,9,-2,6,30,0,3,2,0,0,18,9
Kyle Okposo,BUF,RW,16,4,5,9,-1,4,38,1,2,1,0,0,9,7
T.J. Oshie,WAS,RW,7,4,2,6,-4,4,13,1,1,1,0,0,7,6
Paul Stastny,WPG,C,11,4,4,8,4,8,13,1,1,1,0,0,4,7
Zach Werenski,CLS,D,14,4,6,10,-2,4,48,1,2,2,0,0,6,18
Mitch Marner,TOR,C,18,4,11,15,-2,4,49,2,0,6,0,0,6,12
Mathew Barzal,NYI,C,13,4,4,8,-4,4,39,0,0,1,0,0,11,2
Yanni Gourde,SEA,LW,13,4,4,8,-1,7,32,0,0,1,0,0,20,3
Kasperi Kapanen,PIT,RW,16,4,6,10,2,6,38,0,0,3,0,0,16,5
Ivan Barbashev,STL,LW,16,4,6,10,2,12,28,0,0,1,1,0,27,7
David Pastrnak,BOS,RW,13,4,9,13,4,6,58,0,1,1,0,0,13,3
Pavel Buchnevich,STL,LW,14,4,6,10,8,14,41,0,2,1,0,0,9,3
Luke Glendening,DAL,C,15,4,3,7,0,4,21,0,0,0,0,0,28,12
Ben Chiarot,MON,D,19,4,1,5,-6,16,33,0,0,0,0,0,46,37
Josh Anderson,MON,RW,19,4,4,8,-13,11,48,0,0,1,0,0,45,1
Adam Fox,NYR,D,17,4,12,16,3,6,37,1,0,6,1,0,8,36
Pius Suter,DET,LW,19,4,3,7,-2,2,43,1,0,1,0,0,6,4
Sam Steel,ANH,C,11,4,0,4,-2,2,7,0,0,0,0,0,1,6
Rasmus Asplund,BUF,C,16,4,6,10,4,4,26,1,1,1,1,0,5,3
Rem Pitlick,MIN,C,7,4,2,6,4,6,6,1,0,0,0,0,3,2
Kirill Kaprizov,MIN,LW,16,4,11,15,0,8,51,1,1,2,0,0,16,3
Brock Boeser,VAN,RW,15,4,4,8,-2,2,39,0,1,1,0,1,7,9
Artemi Panarin,NYR,LW,17,4,12,16,-1,0,39,1,1,7,0,0,7,2
Ondrej Kase,TOR,RW,18,4,2,6,-1,6,47,0,0,0,0,0,11,11
Frank Vatrano,FLA,LW,17,4,1,5,-1,4,34,0,1,0,0,0,15,6
Anthony Cirelli,TB,C,15,4,6,10,6,21,23,1,1,0,0,0,23,16
Michael Bunting,TOR,LW,18,4,4,8,-5,14,35,0,1,1,0,0,18,2
Patrik Laine,CLS,RW,9,3,7,10,2,6,23,2,0,4,0,0,5,5
Clayton Keller,ARI,C,17,3,4,7,-4,16,38,0,2,1,0,0,3,12
Conor Sheary,WAS,LW,17,3,4,7,0,2,22,1,1,1,0,0,8,8
Oliver Kylington,CGY,D,16,3,9,12,8,4,28,0,0,0,0,0,12,16
Anthony Beauvillier,NYI,LW,13,3,4,7,0,0,32,0,1,0,0,0,11,2
Roope Hintz,DAL,LW,15,3,3,6,-4,2,40,1,0,2,0,0,18,9
Jake DeBrusk,BOS,LW,13,3,1,4,-3,0,24,2,0,0,0,0,4,4
Kevin Rooney,NYR,C,17,3,0,3,-1,6,17,0,0,0,0,0,20,15
Mathieu Joseph,TB,RW,15,3,4,7,2,6,13,0,0,0,0,0,26,8
David Kampf,TOR,RW,18,3,2,5,-1,6,21,0,0,0,0,0,21,5
Owen Tippett,FLA,RW,17,3,6,9,6,6,29,0,0,0,0,0,18,7
Carl Grundstrom,LA,LW,12,3,1,4,2,0,24,0,0,0,0,0,22,4
Jake Bean,CLS,D,14,3,2,5,-3,6,21,1,0,0,0,0,6,19
Charlie McAvoy,BOS,D,13,3,9,12,7,12,29,0,2,4,0,0,27,25
Janne Kuokkanen,NJ,LW,15,3,1,4,-3,4,15,1,1,0,1,0,10,5
Shea Theodore,VGK,D,16,3,8,11,3,6,44,0,0,2,0,0,5,22
Sonny Milano,ANH,LW,13,3,6,9,-2,2,18,1,1,3,0,0,9,3
Robby Fabbri,DET,LW,19,3,5,8,-8,10,47,0,1,1,0,0,30,12
Sam Reinhart,FLA,RW,17,3,8,11,2,4,35,0,0,3,0,0,11,8
Daniel Sprong,WAS,RW,16,3,2,5,6,2,37,0,0,0,0,0,11,5
Jimmy Vesey,NJ,LW,15,3,2,5,0,2,25,1,0,0,1,0,22,11
Anders Bjork,BUF,LW,16,3,1,4,1,4,19,0,0,0,0,0,5,3
Nick Paul,OTT,LW,15,3,0,3,-10,9,40,0,0,0,0,0,19,11
Tony DeAngelo,CAR,D,15,3,11,14,13,23,33,1,0,6,0,0,7,10
Barclay Goodrow,NYR,LW,17,3,4,7,-3,10,23,1,0,0,0,1,34,12
Mark Giordano,SEA,D,17,3,4,7,-6,16,32,0,0,2,0,0,11,23
Phil Kessel,ARI,RW,17,3,5,8,-5,4,36,0,1,4,0,0,2,3
Andrew Ladd,ARI,LW,13,3,1,4,-8,10,14,0,1,0,0,0,22,9
Jason Spezza,TOR,C,18,3,3,6,-2,8,28,0,1,2,0,0,9,8
Jeff Carter,PIT,C,13,3,4,7,-3,12,50,0,1,0,0,0,14,9
Mikael Backlund,CGY,C,17,3,3,6,2,8,33,0,0,0,0,0,15,3
Alex Pietrangelo,VGK,D,17,3,7,10,2,8,48,0,1,3,0,0,14,37
Cam Fowler,ANH,D,18,3,10,13,0,2,33,0,2,5,0,0,11,29
Nino Niederreiter,CAR,RW,9,3,0,3,3,2,19,1,1,0,0,0,10,3
Mikael Granlund,NSH,C,16,3,13,16,5,6,23,0,0,4,0,0,8,8
Brayden Schenn,STL,C,9,3,3,6,7,7,12,0,1,1,0,0,8,0
Zack Kassian,EDM,RW,12,3,2,5,-5,27,8,1,1,0,0,0,41,0
Erik Karlsson,SJ,D,10,3,5,8,2,4,19,0,0,5,0,0,4,10
John Carlson,WAS,D,17,3,11,14,4,2,35,1,2,3,0,0,11,22
Mathieu Perreault,MON,C,8,3,1,4,3,4,11,0,0,0,0,0,7,5
Morgan Rielly,TOR,D,18,3,10,13,4,0,42,2,1,4,0,0,22,16
Torey Krug,STL,D,11,3,6,9,5,8,28,1,1,3,1,0,9,9
Scott Laughton,PHI,C,15,3,1,4,2,6,22,0,0,0,0,0,31,14
Teuvo Teravainen,CAR,C,15,3,9,12,4,4,40,1,2,5,0,0,7,10
Zemgus Girgensons,BUF,C,16,3,4,7,0,6,27,1,0,0,0,0,19,6
Josh Morrissey,WPG,D,17,3,5,8,13,12,36,0,3,1,0,0,31,22
Blake Coleman,CGY,C,16,3,3,6,7,12,45,0,0,0,0,0,36,9
Phillip Danault,LA,C,16,3,6,9,1,12,39,1,0,1,0,0,18,9
Jared Spurgeon,MIN,D,16,3,5,8,5,2,27,0,0,2,0,0,14,22
Brendan Gallagher,MON,RW,18,3,5,8,-2,24,46,0,2,0,0,0,20,12
Jason Zucker,PIT,LW,16,3,4,7,-2,2,46,0,1,0,0,0,26,9
Tyler Toffoli,MON,RW,19,3,6,9,-8,2,49,0,2,0,0,0,31,5
Jaden Schwartz,SEA,LW,17,3,9,12,-9,6,42,0,0,1,0,0,24,6
Arthur Kaliyev,LA,RW,15,3,2,5,-3,2,31,0,2,1,0,0,6,1
Nico Sturm,MIN,C,16,3,3,6,1,4,30,0,0,0,0,0,9,3
Logan O'Connor,COL,C,14,3,3,6,-1,10,35,0,0,0,1,1,15,13
Kirby Dach,CHI,C,16,3,3,6,0,14,31,0,2,0,0,1,9,9
Dylan Cozens,BUF,C,16,3,5,8,-8,9,25,1,1,1,0,0,5,4
Bowen Byram,COL,D,11,3,5,8,5,2,18,1,0,0,0,0,13,12
Philip Tomasino,NSH,C,14,3,2,5,-3,8,19,1,2,1,0,0,4,8
Vasili Podkolzin,VAN,RW,16,3,1,4,0,4,19,1,0,1,0,0,23,9
Isac Lundestrom,ANH,LW,18,3,7,10,6,0,20,0,0,0,1,0,6,15
Brady Tkachuk,OTT,LW,12,3,4,7,1,31,36,1,0,0,0,0,56,4
Filip Zadina,DET,RW,19,3,4,7,-2,4,39,1,2,1,0,0,14,9
Jason Robertson,DAL,LW,9,3,6,9,0,4,24,0,1,2,0,0,1,4
Elias Pettersson,VAN,C,18,3,7,10,-2,6,49,0,2,4,1,0,5,9
Martin Necas,CAR,C,13,3,6,9,6,6,24,2,0,1,0,0,6,5
Kailer Yamamoto,EDM,LW,16,3,1,4,2,4,22,1,0,0,0,0,20,5
Nicolas Hague,VGK,D,17,3,5,8,2,10,33,0,0,0,0,0,15,25
Jake Evans,MON,LW,15,3,0,3,0,4,20,0,0,0,0,0,30,7
Miro Heiskanen,DAL,D,15,3,10,13,-6,6,43,1,2,4,0,0,11,18
Dominik Kubalik,CHI,LW,16,3,4,7,-8,6,38,0,2,1,0,0,30,11
Drew O'Connor,PIT,C,12,3,2,5,2,4,20,0,0,0,0,0,11,5
Anton Lundell,FLA,C,13,3,4,7,3,6,20,1,0,1,0,0,7,16
Seth Jarvis,CAR,RW,8,3,1,4,2,0,16,2,0,1,0,0,3,4
Moritz Seider,DET,D,19,2,11,13,0,14,32,1,0,6,0,0,24,27
Arttu Ruotsalainen,BUF,C,15,2,2,4,0,6,21,0,0,0,0,0,11,3
Alexander Barabanov,SJ,RW,11,2,5,7,-4,0,5,0,1,1,0,0,6,7
Jacob Peterson,DAL,LW,9,2,1,3,-3,2,12,0,0,0,0,0,7,1
Mason McTavish,ANH,C,9,2,1,3,3,2,12,1,0,1,0,0,8,6
Jasper Weatherby,SJ,C,16,2,2,4,-6,12,18,0,1,1,0,0,18,9
Alex Kerfoot,TOR,C,18,2,9,11,6,2,27,1,0,0,0,0,15,8
Mario Ferraro,SJ,D,16,2,5,7,-1,6,15,1,0,0,0,0,35,50
Zach Whitecloud,VGK,D,5,2,1,3,2,2,10,1,0,0,0,0,13,14
Rudolfs Balcers,SJ,LW,16,2,5,7,-3,4,31,1,0,0,0,1,29,9
Eric Robinson,CLS,LW,14,2,4,6,1,2,18,0,0,0,0,0,17,6
Carson Soucy,SEA,D,11,2,1,3,-5,6,19,0,0,1,0,0,29,10
Robert Thomas,STL,C,16,2,14,16,1,10,20,1,0,4,0,0,3,5
Klim Kostin,STL,RW,15,2,2,4,-2,10,19,1,0,0,0,0,44,3
Filip Chytil,NYR,C,14,2,1,3,0,2,26,0,0,0,0,0,6,5
Alex Formenton,OTT,LW,12,2,1,3,-4,9,19,1,0,0,0,0,22,2
Morgan Geekie,SEA,C,17,2,1,3,-10,2,28,0,0,1,0,0,13,8
Mackenzie Entwistle,CHI,RW,12,2,1,3,-4,0,7,0,0,0,1,0,30,5
Quinn Hughes,VAN,D,17,2,12,14,4,14,33,0,0,6,0,1,2,11
Rasmus Dahlin,BUF,D,16,2,6,8,0,12,29,0,1,2,0,0,22,12
Jesperi Kotkaniemi,CAR,LW,15,2,1,3,-1,4,17,1,0,1,0,0,16,5
Evan Bouchard,EDM,D,16,2,6,8,1,2,41,0,0,2,0,0,15,25
Joe Veleno,DET,C,7,2,1,3,0,4,12,0,0,0,0,0,15,0
Rasmus Kupari,LA,C,15,2,2,4,0,6,15,1,1,1,0,0,13,5
Barrett Hayton,ARI,C,11,2,1,3,-1,6,10,1,1,0,0,0,17,5
Martin Fehervary,WAS,D,17,2,3,5,4,0,20,0,0,0,1,0,48,27
Brandon Duhaime,MIN,LW,16,2,4,6,1,35,27,1,0,0,0,0,39,4
Connor McMichael,WAS,C,15,2,4,6,1,4,30,0,0,0,0,0,7,5
Kaapo Kakko,NYR,RW,13,2,2,4,3,0,17,0,0,0,0,0,3,4
Jack Hughes,NJ,C,2,2,1,3,2,0,4,1,0,0,0,0,0,0
Paul Cotter,VGK,C,4,2,0,2,2,4,5,0,0,0,0,0,9,0
Brett Leason,WAS,RW,10,2,1,3,0,0,14,0,0,0,0,0,6,5
Gustav Nyquist,CLS,RW,14,2,3,5,-5,2,17,0,0,0,0,0,3,8
Justin Faulk,STL,D,16,2,3,5,7,19,45,0,1,1,0,0,29,19
Ryan Strome,NYR,C,13,2,8,10,2,8,29,2,0,3,0,0,6,3
Mark Scheifele,WPG,C,11,2,5,7,2,2,24,1,0,1,0,0,1,10
Jonas Brodin,MIN,D,16,2,5,7,1,0,33,0,0,1,0,0,13,22
Adam Lowry,WPG,LW,17,2,2,4,2,12,15,0,0,0,0,1,48,9
Patrick Maroon,TB,LW,14,2,0,2,-2,35,22,0,1,0,0,0,24,1
Victor Rask,MIN,C,8,2,2,4,5,2,10,0,0,0,0,0,3,0
Alexander Wennberg,SEA,C,17,2,9,11,-5,4,28,0,0,3,0,0,7,5
Adam Erne,DET,RW,18,2,3,5,-5,7,24,0,0,0,0,0,50,13
Nikita Zadorov,CGY,D,12,2,2,4,4,8,20,0,0,0,0,0,19,12
Valeri Nichushkin,COL,LW,5,2,2,4,2,0,8,0,1,0,1,0,6,1
Sean Monahan,CGY,C,17,2,7,9,-4,0,23,2,2,5,0,0,9,8
Jonathan Drouin,MON,C,13,2,5,7,-5,8,23,0,0,2,0,0,9,5
Seth Jones,CHI,D,16,2,12,14,-5,8,51,0,0,6,0,1,14,30
Radek Faksa,DAL,C,15,2,4,6,-7,13,18,0,1,0,0,0,24,18
Andreas Athanasiou,LA,C,6,2,3,5,2,0,12,1,0,1,0,0,2,2
Tanner Pearson,VAN,LW,18,2,4,6,1,8,43,1,0,0,0,0,19,12
Colton Sissons,NSH,RW,16,2,4,6,0,4,19,0,0,0,0,0,24,10
Matt Dumba,MIN,D,16,2,7,9,-1,12,41,1,0,2,0,0,28,30
Derek Stepan,CAR,C,13,2,1,3,2,2,24,0,0,0,0,0,7,6
Victor Hedman,TB,D,15,2,13,15,5,14,38,0,1,5,0,0,28,23
Derek Forbort,BOS,D,13,2,1,3,1,0,14,0,0,0,0,0,16,9
Nick Bjugstad,MIN,C,15,2,0,2,-2,6,26,0,0,0,0,0,21,5
Oliver Ekman-Larsson,VAN,D,18,2,2,4,2,20,53,0,2,0,0,0,26,15
Ryan O'Reilly,STL,C,12,2,6,8,3,0,23,0,1,1,0,0,4,6
Cody Eakin,BUF,C,11,2,1,3,-3,8,19,0,1,0,0,0,4,6
Tyson Barrie,EDM,D,16,2,6,8,-2,4,36,0,1,2,0,0,7,14
Brayden McNabb,VGK,D,17,2,4,6,0,10,12,0,0,0,0,0,41,42
Dmitry Orlov,WAS,D,17,2,5,7,10,20,24,2,0,0,0,0,28,25
Alex Chiasson,VAN,RW,13,2,2,4,-1,16,15,0,2,2,0,0,19,3
Cal Clutterbuck,NYI,RW,13,2,0,2,-3,2,16,1,0,0,0,0,52,7
Darren Helm,COL,C,14,2,2,4,-1,6,26,0,0,0,1,1,17,8
Max Pacioretty,VGK,LW,2,2,1,3,3,0,13,0,0,0,0,0,2,4
Dustin Brown,LA,RW,16,2,5,7,0,2,52,0,0,0,0,0,36,2
Patric Hornqvist,FLA,RW,17,2,7,9,0,7,33,0,1,2,0,0,28,7
James van Riemsdyk,PHI,LW,15,2,4,6,1,6,38,1,1,0,0,0,5,5
Sam Gagner,DET,C,19,2,6,8,-5,8,30,0,0,1,0,0,5,9
Ryan Suter,DAL,D,15,2,6,8,-4,10,18,0,1,3,0,0,6,21
Brian Boyle,PIT,C,14,2,0,2,-1,9,21,0,0,0,0,0,16,9
Andrew Cogliano,SJ,LW,15,2,2,4,1,6,17,0,0,0,1,0,13,4
James Neal,STL,RW,15,2,2,4,-1,0,24,1,1,1,0,0,13,3
Erik Johnson,COL,D,14,2,3,5,7,4,27,1,0,0,0,1,30,27
Jordan Staal,CAR,C,15,2,4,6,5,8,31,0,1,0,0,0,39,10
Derick Brassard,PHI,C,15,2,7,9,8,6,18,0,0,1,0,0,22,2
Frederick Gaudreau,MIN,C,16,2,4,6,-1,2,26,0,0,1,0,0,7,12
Kevin Labanc,SJ,RW,11,2,2,4,-3,6,20,1,2,2,0,0,14,5
Chris Wideman,MON,D,14,2,4,6,-1,22,21,0,0,2,0,0,13,9
Brandon Montour,FLA,D,17,2,7,9,4,12,32,0,1,3,0,0,10,14
Christian Dvorak,MON,LW,19,2,5,7,-16,8,35,0,0,2,0,0,13,25
Warren Foegele,EDM,LW,16,2,4,6,-7,2,19,0,1,0,0,0,31,3
Viktor Arvidsson,LA,LW,9,2,3,5,0,6,36,0,1,0,0,0,2,5
Jansen Harkins,WPG,C,17,2,1,3,2,2,16,0,0,0,0,0,11,3
Shayne Gostisbehere,ARI,D,17,2,11,13,-1,6,30,0,0,5,0,0,2,19
Haydn Fleury,SEA,D,9,2,0,2,-2,2,13,1,0,0,0,0,17,14
Justin Dowling,VAN,C,9,2,0,2,-3,0,10,0,0,0,0,0,4,4
Brendan Lemieux,LA,LW,10,2,0,2,4,16,11,0,0,0,0,0,25,5
Kevin Fiala,MIN,LW,16,2,8,10,-2,6,50,1,1,2,0,0,13,2
Ryan Donato,SEA,C,15,2,4,6,-4,19,31,0,0,0,0,0,16,3
William Carrier,VGK,LW,11,2,2,4,2,8,15,0,0,0,0,0,21,3
Zach Sanford,OTT,LW,15,2,1,3,-4,11,22,0,0,1,0,0,32,12
Michael Raffl,DAL,LW,15,2,2,4,-2,4,20,0,0,0,0,0,29,6
Anthony Mantha,WAS,RW,10,2,4,6,0,4,16,0,0,2,0,0,7,6
Connor Brown,OTT,RW,11,2,5,7,-7,2,17,0,0,2,0,0,3,7
Colin Miller,BUF,D,16,2,7,9,2,10,24,0,0,1,0,0,25,20
Luke Kunin,NSH,C,16,2,4,6,5,10,20,0,0,1,0,0,43,10
Brett Howden,VGK,C,15,2,2,4,3,4,10,1,0,0,0,0,16,11
Nico Hischier,NJ,C,15,2,7,9,4,4,31,0,1,1,0,1,10,12
Steven Lorentz,CAR,C,15,2,0,2,2,4,16,1,0,0,0,0,14,5
Neal Pionk,WPG,D,17,2,8,10,1,12,40,1,1,3,0,0,54,22
Travis Boyd,ARI,C,10,2,2,4,0,2,11,0,0,0,0,0,13,7
Nicolas Roy,VGK,C,15,2,7,9,6,25,28,0,0,0,0,0,21,10
Christian Fischer,ARI,RW,14,2,3,5,-2,4,14,0,0,0,0,0,11,8
Denis Gurianov,DAL,RW,14,2,2,4,1,2,33,1,1,1,0,0,17,9
Nick Jensen,WAS,D,17,2,4,6,14,2,27,0,0,0,0,0,31,26
Sean Kuraly,CLS,C,14,2,2,4,3,13,18,0,0,0,0,0,38,9
Mikhail Sergachev,TB,D,13,2,4,6,-5,10,24,0,0,2,0,0,19,16
Jakob Chychrun,ARI,D,17,2,2,4,-22,24,54,0,1,0,0,0,28,18
Drake Caggiula,BUF,LW,16,2,3,5,-2,4,21,1,0,1,0,0,17,6
Devon Toews,COL,D,5,2,2,4,7,0,10,0,1,1,0,0,5,3
Nikita Zaitsev,OTT,D,11,1,0,1,-4,6,11,0,0,0,0,0,27,20
Dominik Simon,PIT,C,10,1,3,4,-1,0,10,1,0,1,0,0,7,4
Kyle Capobianco,ARI,D,3,1,2,3,1,0,4,0,1,1,0,0,2,3
Dryden Hunt,NYR,LW,17,1,1,2,-3,8,20,0,0,0,0,0,32,0
Gabriel Carlsson,CLS,D,7,1,1,2,0,0,4,0,0,0,0,0,6,5
Yakov Trenin,NSH,C,16,1,2,3,0,9,20,0,0,0,0,0,28,13
Vince Dunn,SEA,D,15,1,6,7,-7,7,21,0,0,1,0,0,18,9
Ethan Bear,CAR,D,15,1,5,6,7,10,23,0,0,0,0,0,13,16
Carter Rowney,DET,C,10,1,0,1,-4,0,5,0,0,0,0,0,20,4
Derek Ryan,EDM,C,15,1,0,1,-10,2,15,0,0,0,0,0,5,9
Alexandre Carrier,NSH,D,13,1,4,5,2,12,12,0,0,0,0,0,5,25
Zack MacEwen,PHI,C,13,1,0,1,-3,11,13,1,0,0,0,0,23,6
Ryan Lomberg,FLA,LW,8,1,2,3,5,19,12,1,0,0,0,0,24,0
Dillon Dube,CGY,C,17,1,6,7,0,4,37,0,0,1,0,0,16,2
Trevor Moore,LA,LW,16,1,1,2,1,4,30,0,0,0,0,0,17,6
Josh Mahura,ANH,D,8,1,1,2,-2,0,7,0,0,0,0,0,16,13
Garrett Pilon,WAS,C,2,1,0,1,1,0,1,0,0,0,0,0,2,0
Nolan Patrick,VGK,C,4,1,0,1,1,0,10,0,0,0,0,0,6,1
Vinni Lettieri,ANH,C,3,1,1,2,0,0,6,0,1,1,0,0,7,0
Tucker Poolman,VAN,D,15,1,2,3,5,10,15,0,0,0,0,0,14,28
Gabriel Vilardi,LA,C,7,1,0,1,-5,2,7,0,1,0,0,0,0,5
Michael Rasmussen,DET,C,19,1,6,7,-3,10,28,0,0,0,0,0,25,17
Nathan Bastian,SEA,RW,12,1,1,2,-1,31,10,0,0,0,0,0,16,6
Tyson Jost,COL,C,14,1,3,4,2,4,20,0,0,0,0,1,16,8
Julien Gauthier,NYR,RW,8,1,1,2,1,2,17,1,0,0,0,0,20,2
Filip Hronek,DET,D,17,1,8,9,-1,24,24,0,0,2,0,0,15,31
Henrik Borgstrom,CHI,C,8,1,1,2,-2,0,11,0,0,1,0,0,2,4
Givani Smith,DET,LW,13,1,0,1,-4,19,13,0,0,0,0,0,23,5
Samuel Girard,COL,D,12,1,8,9,-2,6,18,0,0,1,0,0,11,18
Ryan Lindgren,NYR,D,17,1,1,2,3,6,18,0,0,0,0,0,21,37
Vinnie Hinostroza,BUF,RW,16,1,6,7,-2,6,26,0,0,0,0,0,6,2
Jujhar Khaira,CHI,C,10,1,0,1,-3,7,9,0,0,0,0,0,36,4
Nate Schmidt,WPG,D,17,1,10,11,8,0,29,1,0,6,0,0,11,28
Jason Dickinson,VAN,C,16,1,2,3,3,11,20,0,0,0,0,0,23,12
Brett Pesce,CAR,D,10,1,4,5,-1,4,16,1,1,2,0,0,6,14
Dysin Mayo,ARI,D,12,1,0,1,-2,4,15,0,0,0,0,0,15,27
Marcus Pettersson,PIT,D,12,1,3,4,7,4,17,0,0,0,0,0,20,10
Josh Manson,ANH,D,18,1,1,2,3,28,27,0,0,0,0,0,47,20
Ryan Dzingel,ARI,C,7,1,2,3,0,29,8,0,0,0,0,0,4,2
Brandon Carlo,BOS,D,13,1,1,2,-2,4,27,0,0,0,0,0,22,22
Evgeny Svechnikov,WPG,LW,16,1,5,6,4,8,20,0,0,0,0,0,24,6
Nicholas Merkley,SJ,C,7,1,2,3,-3,0,6,0,0,1,0,0,7,1
Ivan Provorov,PHI,D,15,1,3,4,4,10,28,0,1,1,0,0,10,38
Dylan Strome,CHI,C,9,1,1,2,-1,14,11,1,1,0,0,0,2,6
Colton Parayko,STL,D,16,1,6,7,-2,8,30,0,0,1,0,0,11,31
Bryan Rust,PIT,RW,9,1,6,7,0,4,27,0,0,1,0,0,2,3
Liam O'Brien,ARI,C,11,1,1,2,1,36,7,0,0,0,0,0,27,1
Nicolas Aube-Kubel,COL,C,9,1,1,2,-3,10,11,0,0,0,0,0,21,2
Nic Dowd,WAS,C,9,1,0,1,0,4,9,0,0,0,0,0,15,8
Kyle Burroughs,VAN,D,14,1,0,1,-5,11,15,0,0,0,0,0,44,23
Ryan Graves,NJ,D,15,1,5,6,4,4,25,0,0,0,0,0,27,30
Dylan DeMelo,WPG,D,17,1,2,3,3,6,14,0,0,0,1,0,19,20
Tomas Nosek,BOS,LW,13,1,2,3,1,4,11,1,0,0,0,1,21,10
Jack Johnson,COL,D,13,1,1,2,2,24,10,0,0,0,0,0,14,9
Nate Thompson,PHI,C,15,1,0,1,-4,29,6,0,0,0,0,0,22,8
Brad Richardson,CGY,C,8,1,0,1,0,4,4,0,0,0,0,0,16,3
Duncan Keith,EDM,D,16,1,4,5,-2,0,19,1,0,0,0,0,7,27
Sidney Crosby,PIT,C,4,1,1,2,-5,2,8,1,0,1,0,0,4,0
Alexander Radulov,DAL,RW,15,1,6,7,-7,4,24,0,0,4,0,0,12,13
Blake Comeau,DAL,LW,6,1,0,1,-1,4,2,0,0,0,0,0,13,3
Alex Goligoski,MIN,D,13,1,8,9,3,8,18,0,0,1,0,0,11,18
Ryan Getzlaf,ANH,C,18,1,18,19,2,4,51,1,1,4,0,0,31,17
Brent Burns,SJ,D,16,1,11,12,-1,12,50,0,1,2,0,1,9,34
Joe Thornton,FLA,C,7,1,0,1,-2,4,5,0,1,0,0,0,8,2
Lars Eller,WAS,C,15,1,7,8,6,8,26,0,0,1,0,0,12,9
Kyle Turris,EDM,C,13,1,1,2,-4,4,11,0,0,0,0,0,6,3
Anton Stralman,ARI,D,15,1,1,2,-8,2,20,0,0,0,0,0,12,23
Jakub Voracek,CLS,LW,14,1,14,15,0,10,25,0,1,7,0,0,6,4
Kris Letang,PIT,D,12,1,9,10,3,8,27,1,0,1,0,0,35,19
Brendan Smith,CAR,D,5,1,0,1,-2,2,4,1,0,0,0,0,11,2
Ryan McDonagh,TB,D,15,1,4,5,0,6,21,0,0,0,0,0,25,28
P.K. Subban,NJ,D,15,1,7,8,-2,6,30,1,0,0,0,1,22,26
Wayne Simmonds,TOR,RW,17,1,3,4,-1,13,28,0,0,0,0,0,29,3
Drew Doughty,LA,D,4,1,6,7,2,2,6,0,1,2,0,0,5,0
Nicolas Deslauriers,ANH,LW,18,1,2,3,-5,14,16,0,0,0,0,0,85,13
Jakob Silfverberg,ANH,RW,12,1,8,9,6,6,32,0,1,1,0,0,6,8
Riley Sheahan,SEA,C,14,1,2,3,0,0,14,0,0,0,0,0,3,7
Justin Braun,PHI,D,15,1,7,8,4,8,18,0,0,0,0,0,19,33
Chris Tanev,CGY,D,17,1,4,5,3,4,15,0,0,0,0,0,10,25
Dmitry Kulikov,MIN,D,15,1,5,6,7,4,10,0,0,0,0,0,20,18
Ryan Ellis,PHI,D,4,1,4,5,2,0,6,0,0,2,0,0,1,6
Kyle Palmieri,NYI,RW,13,1,5,6,0,27,34,0,0,0,0,0,10,3
Marcus Johansson,SEA,LW,6,1,3,4,-5,0,15,0,1,2,0,0,0,2
Erik Haula,BOS,C,13,1,1,2,-5,4,22,0,0,0,0,0,23,7
Tomas Tatar,NJ,LW,15,1,5,6,-3,8,29,0,1,1,0,0,16,5
Justin Schultz,WAS,D,17,1,1,2,2,0,16,1,1,0,0,0,9,25
Tyler Ennis,OTT,LW,14,1,7,8,-3,2,21,0,1,2,0,0,20,5
Josh Bailey,NYI,LW,12,1,5,6,-5,0,8,1,0,2,0,0,7,6
Michael Del Zotto,OTT,D,8,1,3,4,-8,2,12,0,1,0,0,0,21,9
Jean-Gabriel Pageau,NYI,C,12,1,3,4,1,0,19,0,0,0,0,0,25,6
Jacob Trouba,NYR,D,17,1,5,6,4,24,46,1,0,0,0,0,46,34
Cody Ceci,EDM,D,16,1,4,5,-1,2,22,0,0,0,0,0,26,22
Robert Bortuzzo,STL,D,14,1,1,2,0,9,9,0,0,0,0,0,27,16
Jake McCabe,CHI,D,16,1,1,2,-10,4,11,0,0,0,0,0,37,37
Hampus Lindholm,ANH,D,18,1,6,7,5,14,31,1,0,1,0,0,11,21
Brady Skjei,CAR,D,15,1,2,3,3,12,32,0,0,0,0,0,17,17
Mike Matheson,PIT,D,13,1,6,7,-1,2,22,1,0,1,0,0,16,17
Nathan MacKinnon,COL,C,8,1,9,10,-3,4,23,0,1,1,0,0,10,12
Mike Reilly,BOS,D,11,1,2,3,-1,4,18,0,0,1,1,0,13,10
Jordan Martinook,CAR,LW,15,1,3,4,0,6,13,0,0,0,0,0,20,3
Damon Severson,NJ,D,14,1,3,4,-2,14,27,0,0,2,0,0,11,31
Devin Shore,EDM,C,8,1,1,2,-3,4,5,0,0,0,0,0,10,5
Antoine Roussel,ARI,LW,13,1,0,1,-8,31,13,0,0,0,0,0,12,7
Max Domi,CLS,C,4,1,3,4,2,2,8,0,0,0,0,0,1,1
Robert Hagg,BUF,D,16,1,3,4,-3,11,15,0,0,0,0,0,29,40
Andrej Sustr,TB,D,8,1,0,1,1,2,8,0,0,0,0,0,2,2
Connor Murphy,CHI,D,16,1,1,2,-12,12,12,0,0,0,0,0,37,35
Nikita Kucherov,TB,RW,3,1,3,4,0,0,9,0,1,2,0,0,2,2
William Karlsson,VGK,C,8,1,2,3,-4,0,17,0,0,0,0,0,5,6
Nick Cousins,NSH,C,12,1,2,3,-3,4,22,0,1,1,0,0,9,8
Logan Shaw,OTT,RW,14,1,1,2,-2,2,16,0,0,0,0,0,8,4
Scott Mayfield,NYI,D,13,1,0,1,-6,24,19,0,0,0,0,0,20,28
Ryan Nugent-Hopkins,EDM,LW,16,1,18,19,6,2,36,0,0,12,0,1,12,9
Joel Armia,MON,RW,19,1,2,3,0,6,41,0,0,0,0,0,42,8
Tyler Johnson,CHI,C,8,1,2,3,-6,10,11,0,0,2,0,0,16,3
Jake Muzzin,TOR,D,18,1,4,5,-6,6,18,0,0,0,0,0,39,22
Jon Merrill,MIN,D,16,1,5,6,5,6,14,0,0,0,0,0,11,21
Kevin Hayes,PHI,C,2,1,1,2,0,2,6,0,0,1,0,0,3,1
Colin Blackwell,SEA,C,3,1,0,1,0,0,5,0,0,0,0,0,5,0
Alexander Romanov,MON,D,18,1,1,2,-4,9,21,0,0,0,0,0,57,24
Ross Colton,TB,LW,15,1,1,2,-3,4,33,0,0,1,0,0,25,5
Simon Benoit,ANH,D,8,1,0,1,3,0,5,0,0,0,0,0,32,5
Alex Newhook,COL,C,5,1,2,3,2,2,9,1,0,1,0,0,2,3
Pierre Engvall,TOR,LW,18,1,3,4,0,10,39,0,1,0,0,0,13,2
K'Andre Miller,NYR,D,17,1,1,2,0,8,14,0,0,0,0,0,20,24
Benoit-Olivier Groulx,ANH,C,15,1,2,3,1,2,14,0,0,0,0,0,18,5
Ryan McLeod,EDM,C,8,1,0,1,0,2,6,0,0,0,0,0,4,0
Ryan Merkley,SJ,D,6,1,0,1,0,2,7,0,0,0,0,0,1,4
Ty Smith,NJ,D,12,1,2,3,-4,4,15,0,0,0,0,0,10,13
Calen Addison,MIN,D,2,1,0,1,0,0,2,0,0,0,0,0,2,1
Adam Boqvist,CLS,D,7,1,0,1,-2,0,9,0,0,0,0,0,5,5
Michael Pezzetta,MON,C,9,1,1,2,-2,17,10,0,0,0,0,0,21,2
Kristian Vesalainen,WPG,LW,14,1,0,1,3,0,11,0,0,0,0,0,18,1
Jonas Rondbjerg,VGK,RW,10,1,2,3,2,0,7,0,0,0,0,0,5,4
Jake Leschyshyn,VGK,C,15,1,2,3,-2,6,15,0,0,0,0,0,16,10
Maxim Mamin,FLA,LW,4,1,0,1,-2,0,5,0,0,0,0,0,9,1
Jan Rutta,TB,D,14,1,2,3,1,12,20,0,0,0,0,0,13,17
Eeli Tolvanen,NSH,LW,16,1,3,4,2,0,40,0,0,2,0,0,27,4
Ryan Poehling,MON,C,5,1,0,1,-1,0,6,0,0,0,0,0,2,1
Adam Gaudette,CHI,C,8,1,1,2,-3,4,10,0,1,0,0,0,9,1
Karson Kuhlman,BOS,C,11,1,1,2,1,0,12,0,0,0,0,0,24,5
Mason Marchment,FLA,LW,10,1,6,7,7,6,15,0,0,0,0,0,24,2
Alex Barre-Boulet,TB,C,9,1,3,4,-1,2,5,0,0,1,0,0,5,0
Dominic Toninato,WPG,LW,14,1,1,2,0,2,7,0,0,0,0,0,19,5
Parker Kelly,OTT,C,9,1,1,2,-1,4,8,0,0,0,0,0,24,8
Dylan Coghlan,VGK,D,15,1,3,4,-6,2,23,1,1,1,0,0,12,10
Justin Danforth,CLS,RW,2,1,0,1,1,0,6,0,0,0,0,0,7,0
John Marino,PIT,D,16,1,7,8,-7,2,23,0,0,2,0,0,19,21
Tim Stutzle,OTT,LW,15,1,5,6,-5,6,28,1,1,3,0,0,18,9
Jamie Drysdale,ANH,D,18,1,6,7,-6,2,31,1,0,2,0,0,7,18
Jake Neighbours,STL,LW,9,1,1,2,-2,2,8,1,0,0,0,0,10,1
Hendrix Lapierre,WAS,C,6,1,0,1,2,2,7,0,0,0,0,0,1,2
Yegor Chinakhov,CLS,RW,10,1,3,4,-4,2,22,0,0,0,0,0,2,3
Gregory Hofmann,CLS,LW,14,1,2,3,2,8,12,1,0,0,0,0,15,4
Daniil Miromanov,VGK,RW,3,0,1,1,1,0,3,0,0,0,0,0,1,2
Max Willman,PHI,LW,3,0,0,0,-2,4,4,0,0,0,0,0,2,0
Mike Hardman,CHI,RW,10,0,1,1,-6,6,9,0,0,0,0,0,32,8
Isaak Phillips,CHI,D,3,0,0,0,-1,4,2,0,0,0,0,0,1,0
Matt Kiersted,FLA,D,2,0,1,1,1,0,2,0,0,0,0,0,2,3
Walker Duehr,CGY,RW,1,0,0,0,0,0,0,0,0,0,0,0,0,0
Cole Perfetti,WPG,LW,2,0,0,0,-2,0,1,0,0,0,0,0,1,0
Alexander Holtz,NJ,RW,5,0,1,1,-1,2,10,0,0,1,0,0,3,2
Tyce Thompson,NJ,C,2,0,0,0,0,0,3,0,0,0,0,0,2,0
Tobias Bjornfot,LA,D,16,0,3,3,7,2,16,0,0,0,0,0,2,23
Pavel Dorofeyev,VGK,LW,1,0,0,0,0,0,0,0,0,0,0,0,0,0
Mathieu Olivier,NSH,RW,4,0,1,1,0,5,1,0,0,0,0,0,8,1
Mikhail Maltsev,COL,C,3,0,0,0,-3,0,4,0,0,0,0,0,3,1
Mattias Norlinder,MON,D,1,0,0,0,0,0,1,0,0,0,0,0,1,1
Alexei Protas,WAS,C,6,0,0,0,-1,0,6,0,0,0,0,0,2,1
Alex Belzile,MON,LW,8,0,0,0,1,2,9,0,0,0,0,0,6,3
Joel Kiviranta,DAL,RW,13,0,1,1,-1,6,8,0,0,0,0,0,34,5
Artemi Kniazev,SJ,D,1,0,0,0,-2,0,2,0,0,0,0,0,1,0
Dakota Joshua,STL,LW,6,0,0,0,-2,5,5,0,0,0,0,0,17,0
Kirill Semyonov,TOR,C,2,0,0,0,-1,0,1,0,0,0,0,0,4,0
Santeri Hatakka,SJ,D,7,0,1,1,-3,2,2,0,0,0,0,0,4,5
Ben McCartney,ARI,LW,2,0,0,0,0,4,2,0,0,0,0,0,7,0
Vladimir Tkachev,LA,LW,4,0,2,2,-2,2,1,0,0,2,0,0,1,0
William Eklund,SJ,LW,9,0,4,4,-3,2,8,0,0,3,0,0,4,4
John Leonard,SJ,C,5,0,0,0,-1,0,9,0,0,0,0,0,3,1
Artem Zub,OTT,D,15,0,5,5,1,8,15,0,0,0,0,0,28,38
Jon Lizotte,MIN,D,1,0,0,0,0,2,1,0,0,0,0,0,3,4
Jacob MacDonald,COL,D,3,0,0,0,-1,0,8,0,0,0,0,0,4,1
Dylan Sikura,COL,LW,1,0,0,0,-1,0,0,0,0,0,0,0,0,1
Erik Brannstrom,OTT,D,2,0,0,0,0,2,1,0,0,0,0,0,1,2
Gustav Lindstrom,DET,D,13,0,2,2,-4,6,14,0,0,0,0,0,12,24
Jack Studnicka,BOS,C,4,0,1,1,-1,2,4,0,0,0,0,0,5,0
Jonah Gadjovich,SJ,LW,9,0,1,1,-3,31,4,0,0,0,0,0,24,1
Sebastian Aho,NYI,D,2,0,0,0,-3,0,3,0,0,0,0,0,4,2
Mason Appleton,SEA,C,7,0,1,1,0,0,9,0,0,0,0,0,6,4
Riley Stillman,CHI,D,10,0,2,2,-3,7,8,0,0,0,0,0,31,10
Sam Lafferty,PIT,RW,5,0,1,1,0,7,6,0,0,0,0,0,16,0
Kiefer Sherwood,COL,LW,6,0,1,1,3,0,5,0,0,0,0,0,7,3
Christian Wolanin,BUF,D,1,0,0,0,-2,0,0,0,0,0,0,0,0,2
Connor Clifton,BOS,D,11,0,1,1,-4,15,20,0,0,0,0,0,34,6
Marian Studenic,NJ,RW,5,0,0,0,-1,0,9,0,0,0,0,0,3,3
Conor Timmins,ARI,D,6,0,0,0,-6,0,5,0,0,0,0,0,7,9
Lias Andersson,LA,LW,3,0,0,0,-1,0,3,0,0,0,0,0,1,0
Henri Jokiharju,BUF,D,1,0,0,0,0,2,0,0,0,0,0,0,0,0
Maxime Comtois,ANH,LW,13,0,1,1,-3,11,19,0,0,0,0,0,16,4
Juuso Valimaki,CGY,D,7,0,1,1,-1,8,10,0,0,0,0,0,6,7
Kole Lind,SEA,RW,1,0,0,0,-2,2,0,0,0,0,0,0,1,0
Fabian Zetterlund,NJ,LW,1,0,0,0,1,0,3,0,0,0,0,0,2,0
Pierre-Olivier Joseph,PIT,D,4,0,0,0,-2,2,7,0,0,0,0,0,6,4
Radim Simek,SJ,D,8,0,0,0,-3,2,11,0,0,0,0,0,9,7
Christian Jaros,NJ,D,2,0,0,0,0,0,3,0,0,0,0,0,3,1
Jesper Boqvist,NJ,C,5,0,1,1,-4,2,6,0,0,0,0,0,5,0
Ian Mitchell,CHI,D,3,0,1,1,-1,0,2,0,0,1,0,0,2,2
Mikey Anderson,LA,D,16,0,0,0,9,2,15,0,0,0,0,0,27,22
Noah Dobson,NYI,D,12,0,4,4,2,4,22,0,0,1,0,0,18,26
Nicolas Beaudin,CHI,D,1,0,0,0,-1,0,1,0,0,0,0,0,0,1
Philipp Kurashev,CHI,LW,15,0,4,4,-5,2,22,0,0,2,0,0,2,4
Rasmus Sandin,TOR,D,17,0,4,4,1,0,17,0,0,1,0,0,28,10
Nils Lundkvist,NYR,D,13,0,2,2,-1,0,10,0,0,0,0,0,7,10
Jacob Bernard-Docker,OTT,D,2,0,1,1,1,0,0,0,0,0,0,0,1,0
Jan Jenik,ARI,C,1,0,0,0,0,0,1,0,0,0,0,0,3,1
Martin Kaut,COL,RW,6,0,0,0,2,0,1,0,0,0,0,0,6,3
Juuso Riikola,PIT,D,5,0,1,1,2,2,7,0,0,0,0,0,13,2
Ilya Lyubushkin,ARI,D,17,0,3,3,-4,10,12,0,0,0,0,0,37,20
Niko Mikkola,STL,D,2,0,0,0,3,0,1,0,0,0,0,0,3,1
Egor Sokolov,OTT,LW,4,0,0,0,-2,4,5,0,0,0,0,0,3,2
Sampo Ranta,COL,LW,10,0,0,0,-4,2,9,0,0,0,0,0,9,6
Scott Perunovich,STL,D,2,0,1,1,2,0,4,0,0,0,0,0,0,0
Shane Pinto,OTT,C,5,0,1,1,0,2,5,0,0,1,0,0,0,1
Adam Beckman,MIN,LW,3,0,1,1,-1,2,4,0,0,0,0,0,1,1
Victor Soderstrom,ARI,D,9,0,0,0,-3,4,6,0,0,0,0,0,4,9
Jacob Bryson,BUF,D,16,0,5,5,-1,6,5,0,0,4,0,0,13,21
Peyton Krebs,BUF,C,9,0,0,0,-6,2,10,0,0,0,0,0,6,3
Thomas Harley,DAL,D,4,0,0,0,1,0,5,0,0,0,0,0,4,5
Lassi Thomson,OTT,D,3,0,1,1,-3,2,1,0,0,0,0,0,7,2
Cole Caufield,MON,RW,11,0,1,1,-6,2,23,0,0,0,0,0,1,0
Reese Johnson,CHI,RW,9,0,0,0,-5,5,6,0,0,0,0,0,39,4
Oskar Steen,BOS,C,2,0,2,2,1,0,1,0,0,0,0,0,0,0
Morgan Barron,NYR,LW,2,0,0,0,0,2,0,0,0,0,0,0,2,0
Blake Lizotte,LA,LW,15,0,3,3,2,4,17,0,0,0,0,0,11,2
Sean Walker,LA,D,6,0,2,2,-1,4,18,0,0,1,0,0,9,9
Connor Dewar,MIN,C,4,0,0,0,-3,6,4,0,0,0,0,0,6,3
Yegor Sharangovich,NJ,LW,13,0,3,3,-2,2,22,0,0,1,0,0,4,4
Jack Rathbone,VAN,D,9,0,0,0,-5,2,10,0,0,0,0,0,5,8
Calle Jarnkrok,SEA,C,12,0,0,0,-8,2,14,0,0,0,0,0,6,2
Austin Watson,OTT,LW,2,0,0,0,-1,5,3,0,0,0,0,0,6,2
Mark Pysyk,BUF,D,16,0,3,3,5,4,20,0,0,0,0,0,14,24
Mark Stone,VGK,RW,5,0,6,6,4,4,6,0,0,0,0,0,3,4
Patrik Nemeth,NYR,D,17,0,0,0,-7,6,14,0,0,0,0,0,28,41
Justin Holl,TOR,D,12,0,0,0,-4,4,7,0,0,0,0,0,26,29
Johan Larsson,ARI,C,15,0,5,5,-5,9,11,0,0,0,0,0,29,10
Greg McKegg,NYR,C,8,0,0,0,-2,0,5,0,0,0,0,0,7,7
Ryan Reaves,NYR,RW,13,0,0,0,-5,11,6,0,0,0,0,0,58,2
Colton Sceviour,EDM,RW,7,0,0,0,-1,19,7,0,0,0,0,0,16,8
Derek Grant,ANH,C,15,0,4,4,-2,12,19,0,0,0,0,1,13,12
Mark Borowiecki,NSH,D,10,0,0,0,-2,27,6,0,0,0,0,0,23,10
Carl Hagelin,WAS,LW,17,0,2,2,3,10,22,0,0,0,0,0,14,3
Mattias Ekholm,NSH,D,16,0,3,3,-5,4,25,0,0,0,0,0,8,17
Sven Baertschi,VGK,LW,1,0,0,0,-1,0,1,0,0,0,0,0,0,0
Jamie Oleksiak,SEA,D,17,0,5,5,-3,26,19,0,0,0,0,0,56,15
Nathan Beaulieu,WPG,D,9,0,1,1,0,5,7,0,0,0,0,0,3,7
Adam Larsson,SEA,D,17,0,4,4,-7,12,25,0,0,1,0,0,45,34
Dmitrij Jaskin,ARI,RW,12,0,1,1,-6,4,23,0,0,0,0,0,47,9
Matt Nieto,SJ,LW,9,0,1,1,-2,0,10,0,0,0,0,0,11,4
Rocco Grimaldi,NSH,C,5,0,0,0,1,0,6,0,0,0,0,0,4,0
Josh Leivo,CAR,LW,2,0,0,0,-2,0,2,0,0,0,0,0,1,0
Kyle Rau,MIN,C,3,0,0,0,-2,0,2,0,0,0,0,0,2,0
Craig Smith,BOS,RW,8,0,0,0,-7,2,19,0,0,0,0,0,11,0
Scott Harrington,CLS,D,6,0,1,1,-4,4,4,0,0,0,0,0,6,8
Brett Ritchie,CGY,RW,9,0,0,0,3,11,18,0,0,0,0,0,12,2
Rasmus Ristolainen,PHI,D,13,0,3,3,2,10,17,0,0,0,0,0,46,23
Jayson Megna,COL,LW,12,0,1,1,-1,2,15,0,0,0,0,0,19,6
Darnell Nurse,EDM,D,16,0,11,11,4,14,53,0,0,5,0,0,66,20
Curtis Lazar,BOS,C,8,0,2,2,0,0,11,0,0,0,0,1,18,5
Ryan Pulock,NYI,D,12,0,2,2,-2,0,19,0,0,1,0,0,25,34
Radko Gudas,FLA,D,16,0,4,4,8,24,32,0,0,0,0,0,73,29
Jani Hakanpaa,DAL,D,14,0,2,2,2,27,10,0,0,0,0,0,34,17
Danny DeKeyser,DET,D,18,0,2,2,-4,8,26,0,0,0,0,0,15,39
Chad Ruhwedel,PIT,D,12,0,0,0,0,0,17,0,0,0,0,0,20,12
John Klingberg,DAL,D,11,0,3,3,-8,4,20,0,0,0,0,0,12,14
Stefan Matteau,COL,RW,1,0,0,0,0,0,0,0,0,0,0,0,0,0
Olli Maatta,LA,D,11,0,2,2,-3,0,6,0,0,0,0,0,8,20
Slater Koekkoek,EDM,D,11,0,1,1,-2,10,4,0,0,0,0,0,12,11
Adam Pelech,NYI,D,13,0,2,2,4,2,10,0,0,0,0,0,23,27
Jordie Benn,MIN,D,1,0,0,0,-1,0,2,0,0,0,0,0,2,3
Brenden Dillon,WPG,D,17,0,2,2,6,11,23,0,0,0,0,0,59,22
Leo Komarov,FA,LW,1,0,0,0,0,2,0,0,0,0,0,0,3,0
Alex Galchenyuk,ARI,RW,4,0,2,2,0,2,6,0,0,1,0,0,1,3
Ryan Murray,COL,D,13,0,3,3,-1,2,6,0,0,0,0,1,12,21
Zac Dalpe,FLA,C,1,0,0,0,-1,0,0,0,0,0,0,0,2,1
Michael Stone,CGY,D,1,0,0,0,1,0,3,0,0,0,0,0,2,2
Travis Hamonic,VAN,D,6,0,1,1,-1,0,9,0,0,0,0,0,9,13
Marco Scandella,STL,D,16,0,4,4,-1,6,26,0,0,0,0,1,25,26
T.J. Brodie,TOR,D,18,0,2,2,3,8,7,0,0,0,0,0,8,27
Greg Pateryn,ANH,D,2,0,0,0,1,4,3,0,0,0,0,0,3,3
John Moore,BOS,D,1,0,0,0,1,2,2,0,0,0,0,0,1,1
Calvin de Haan,CHI,D,16,0,0,0,-5,4,18,0,0,0,0,0,30,37
Tyler Bozak,STL,C,16,0,6,6,-3,6,14,0,0,1,0,1,5,4
Nick Holden,OTT,D,10,0,1,1,-6,2,7,0,0,0,0,0,15,15
Jay Beagle,ARI,C,17,0,0,0,-12,6,12,0,0,0,0,0,26,7
Nick Bonino,SJ,C,16,0,0,0,-4,12,24,0,0,0,0,0,7,20
David Savard,MON,D,19,0,3,3,-9,6,15,0,0,0,0,1,34,34
Erik Gudbranson,CGY,D,17,0,4,4,4,26,26,0,0,0,0,0,20,22
Tyler Pitlick,CGY,C,14,0,2,2,0,0,14,0,0,0,0,0,31,10
Jarred Tinordi,NYR,D,4,0,0,0,-3,7,1,0,0,0,0,0,13,1
Kevin Connauton,FLA,D,11,0,0,0,5,2,12,0,0,0,0,0,22,8
Casey Cizikas,NYI,C,12,0,1,1,-3,8,18,0,0,0,0,0,33,5
Matt Martin,NYI,LW,11,0,1,1,0,22,11,0,0,0,0,0,50,5
Alec Martinez,VGK,D,11,0,3,3,3,4,11,0,0,0,0,0,9,33
Brian Dumoulin,PIT,D,11,0,1,1,-4,4,9,0,0,0,0,0,13,19
Kyle Clifford,TOR,LW,2,0,1,1,-1,0,5,0,0,0,0,0,2,0
Nick Leddy,DET,D,19,0,6,6,-8,8,18,0,0,1,0,0,11,14
Zach Bogosian,TB,D,4,0,2,2,-1,2,3,0,0,0,0,0,10,1
Luke Schenn,VAN,D,5,0,2,2,1,10,4,0,0,0,0,0,21,3
Tyler Myers,VAN,D,18,0,6,6,2,13,26,0,0,0,0,0,36,29
Ian Cole,CAR,D,15,0,1,1,6,6,17,0,0,0,0,0,19,24
Riley Nash,WPG,C,13,0,0,0,-1,2,6,0,0,0,0,0,10,4
Keith Yandle,PHI,D,15,0,5,5,-5,2,29,0,0,2,0,0,9,10
Andrej Sekera,DAL,D,11,0,1,1,-2,8,8,0,0,0,0,0,10,8
Alexander Edler,LA,D,16,0,4,4,1,14,22,0,0,0,0,0,27,32
Kris Russell,EDM,D,5,0,1,1,1,2,5,0,0,0,0,0,3,8
Zdeno Chara,NYI,D,13,0,2,2,-3,25,13,0,0,0,0,0,29,11
Zach Parise,NYI,LW,13,0,3,3,-2,8,24,0,0,0,0,0,16,9
Blake Wheeler,WPG,RW,12,0,5,5,-2,8,26,0,0,1,0,0,15,4
Corey Perry,TB,RW,15,0,1,1,-5,11,27,0,0,0,0,0,21,10
Loui Eriksson,ARI,RW,15,0,1,1,-7,0,17,0,0,0,0,0,2,4
Jonathan Toews,CHI,C,16,0,8,8,-5,6,30,0,0,2,0,0,6,4
Andy Greene,NYI,D,13,0,1,1,-3,0,6,0,0,0,0,0,6,26
Marc Staal,DET,D,18,0,3,3,0,2,18,0,0,0,0,0,17,23
Marc-Edouard Vlasic,SJ,D,10,0,3,3,-4,0,7,0,0,0,0,0,7,8
Trevor Lewis,CGY,C,17,0,2,2,-1,2,24,0,0,0,0,0,41,8
Nick Foligno,BOS,LW,5,0,1,1,-2,2,7,0,0,0,0,0,19,4
Jeff Petry,MON,D,19,0,2,2,-7,4,25,0,0,0,0,0,37,23
Sammy Blais,NYR,LW,14,0,4,4,3,17,17,0,0,0,0,0,37,8
Jacob Middleton,SJ,D,10,0,2,2,5,24,12,0,0,0,0,0,12,11
MacKenzie Weegar,FLA,D,17,0,8,8,14,8,33,0,0,0,0,0,51,33
Trevor van Riemsdyk,WAS,D,17,0,6,6,6,4,22,0,0,0,0,1,7,27
Kurtis MacDermid,COL,D,5,0,0,0,-3,0,4,0,0,0,0,0,6,4
Pierre-Edouard Bellemare,TB,C,15,0,2,2,0,2,13,0,0,0,0,0,25,10
Ross Johnston,NYI,LW,1,0,0,0,-1,0,0,0,0,0,0,0,4,0
Oskar Sundqvist,STL,C,2,0,1,1,1,0,3,0,0,0,0,0,3,1
Max McCormick,SEA,LW,5,0,0,0,0,4,6,0,0,0,0,0,6,3
Juho Lammikko,VAN,RW,18,0,1,1,-5,2,13,0,0,0,0,0,19,12
Jake Walman,STL,D,14,0,2,2,2,2,17,0,0,0,0,0,9,12
Mark Friedman,PIT,D,11,0,4,4,3,6,11,0,0,0,0,0,19,13
Michael Amadio,VGK,C,10,0,0,0,-1,0,8,0,0,0,0,0,8,4
Joel Hanley,DAL,D,5,0,0,0,-3,0,2,0,0,0,0,0,5,5
Ben Harpur,NSH,D,4,0,0,0,-6,4,3,0,0,0,0,0,9,8
Andrew Agozzino,OTT,LW,1,0,0,0,0,0,1,0,0,0,0,0,4,0
Gustav Forsling,FLA,D,17,0,10,10,5,10,38,0,0,0,0,0,11,21
Ben Hutton,VGK,D,3,0,1,1,0,10,2,0,0,0,0,0,5,3
Noah Hanifin,CGY,D,16,0,3,3,7,0,30,0,0,1,0,0,9,17
Mason Geertsen,NJ,D,5,0,0,0,-1,19,1,0,0,0,0,0,15,1
Tanner Kero,DAL,LW,7,0,2,2,0,0,3,0,0,0,0,0,3,3
Josh Brown,OTT,D,12,0,0,0,-4,7,11,0,0,0,0,0,37,17
Fredrik Claesson,TB,D,2,0,0,0,-1,0,2,0,0,0,0,0,2,3
Jaycob Megna,SJ,D,6,0,0,0,3,4,5,0,0,0,0,0,7,5
Jakub Zboril,BOS,D,3,0,1,1,0,0,4,0,0,0,0,0,7,4
Thomas Chabot,OTT,D,15,0,6,6,3,6,43,0,0,3,0,0,18,27
Jordan Greenway,MIN,LW,12,0,3,3,5,13,11,0,0,0,0,0,22,6
Cedric Paquette,MON,C,10,0,0,0,-1,23,8,0,0,0,0,0,23,3
Patrick Brown,PHI,C,6,0,1,1,-2,0,7,0,0,0,0,0,2,3
Ryan Carpenter,CHI,C,13,0,1,1,-6,4,16,0,0,1,0,0,45,6
Brett Kulak,MON,D,19,0,5,5,-4,4,19,0,0,0,0,0,15,12
Jordan Oesterle,DET,D,4,0,1,1,-1,0,3,0,0,0,0,0,3,2
Nick Ritchie,TOR,LW,18,0,2,2,-4,13,29,0,0,2,0,0,39,8
Esa Lindell,DAL,D,15,0,3,3,0,2,33,0,0,1,0,0,29,32
Nick Schmaltz,ARI,RW,6,0,1,1,-8,2,10,0,0,0,0,0,0,2
Travis Sanheim,PHI,D,15,0,3,3,7,4,21,0,0,0,0,0,10,26
Brendan Perlini,EDM,LW,11,0,0,0,-3,2,6,0,0,0,0,0,15,0
John Hayden,BUF,C,12,0,1,1,-2,9,9,0,0,0,0,0,21,7
Dillon Heatherington,OTT,D,3,0,0,0,0,0,3,0,0,0,0,0,5,1
Artturi Lehkonen,MON,LW,19,0,5,5,-1,8,26,0,0,0,0,0,22,9
Madison Bowey,VAN,D,2,0,0,0,-3,0,0,0,0,0,0,0,4,2
Michael McCarron,NSH,C,4,0,0,0,0,10,4,0,0,0,0,0,7,1
Frederik Gauthier,NJ,C,8,0,0,0,-1,0,4,0,0,0,0,0,16,3
Justin Bailey,VAN,RW,10,0,0,0,-4,6,10,0,0,0,0,0,9,3
Will Butcher,BUF,D,14,0,2,2,-7,0,14,0,0,1,0,0,7,9
Hudson Fasching,ARI,RW,2,0,0,0,0,0,1,0,0,0,0,0,3,0
Jaccob Slavin,CAR,D,15,0,8,8,9,4,31,0,0,0,0,0,11,19
Matt Grzelcyk,BOS,D,13,0,2,2,-3,4,32,0,0,0,0,0,7,21
Scott Sabourin,OTT,RW,3,0,0,0,-1,2,3,0,0,0,0,0,8,1
Brad Hunt,VAN,D,4,0,1,1,-5,0,9,0,0,0,0,0,4,0
Mattias Janmark,VGK,C,12,0,2,2,-4,2,12,0,0,0,0,0,0,1
Andrew Peeke,CLS,D,14,0,3,3,-1,7,9,0,0,0,0,0,25,24
Victor Mete,OTT,D,9,0,4,4,-5,0,7,0,0,0,0,0,2,10
Trent Frederic,BOS,C,10,0,1,1,-2,5,14,0,0,0,0,0,23,0
Tyler Benson,EDM,LW,6,0,0,0,-2,4,3,0,0,0,0,0,9,0
Dylan Gambrell,OTT,C,4,0,0,0,0,2,2,0,0,0,0,0,9,1
Cam Dineen,ARI,D,6,0,0,0,-5,0,6,0,0,0,0,0,3,9
Brett Murray,BUF,LW,1,0,0,0,-1,2,0,0,0,0,0,0,1,0
Dante Fabbro,NSH,D,16,0,4,4,5,8,22,0,0,0,0,0,6,19
Riley Tufte,DAL,LW,2,0,0,0,0,0,0,0,0,0,0,0,2,1
Logan Stanley,WPG,D,17,0,5,5,2,16,16,0,0,0,0,1,42,18
Kieffer Bellows,NYI,LW,4,0,1,1,1,0,2,0,0,0,0,0,14,1
Boris Katchouk,TB,LW,7,0,1,1,1,10,5,0,0,0,0,0,19,0
Kale Clague,LA,D,9,0,5,5,-1,2,6,0,0,3,0,0,0,7
Taylor Raddysh,TB,RW,14,0,1,1,-1,4,10,0,0,0,0,0,12,4
Cal Foote,TB,D,7,0,0,0,-2,0,4,0,0,0,0,0,7,8
Casey Mittelstadt,BUF,C,1,0,0,0,0,0,0,0,0,0,0,0,0,0
Timothy Liljegren,TOR,D,10,0,1,1,0,2,13,0,0,0,0,0,13,11
Cody Glass,NSH,C,2,0,0,0,0,0,2,0,0,0,0,0,0,2
Adam Brooks,VGK,C,4,0,1,1,-1,0,0,0,0,0,0,0,6,0
Calle Rosen,STL,D,5,0,2,2,-1,0,5,0,0,0,0,0,0,4
Axel Jonsson-Fjallby,WAS,LW,6,0,1,1,1,2,6,0,0,0,0,0,6,3
Chase Priskie,FLA,D,1,0,0,0,-1,2,1,0,0,0,0,0,0,1
Colton White,NJ,D,4,0,1,1,4,2,2,0,0,0,0,0,3,0
Matt Roy,LA,D,16,0,3,3,-2,8,38,0,0,2,0,0,21,27
Zach Aston-Reese,PIT,C,14,0,5,5,3,9,17,0,0,0,0,0,55,6
Gavin Bayreuther,CLS,D,6,0,2,2,-2,6,6,0,0,0,0,0,10,10
Matthew Highmore,VAN,C,8,0,2,2,-1,2,10,0,0,0,0,0,8,9
Lane Pederson,SJ,C,11,0,0,0,-7,6,6,0,0,0,0,0,21,6
Oskar Lindblom,PHI,LW,14,0,1,1,-2,2,19,0,0,0,0,0,16,9
Keegan Kolesar,VGK,RW,17,0,4,4,-5,16,34,0,0,0,0,0,54,12
Anton Blidh,BOS,LW,4,0,1,1,1,0,3,0,0,0,0,0,10,5
Dean Kukan,CLS,D,2,0,0,0,2,0,3,0,0,0,0,0,3,1
Erik Cernak,TB,D,12,0,3,3,1,8,29,0,0,0,0,0,36,17
Vladislav Gavrikov,CLS,D,14,0,7,7,9,10,14,0,0,0,0,0,18,22
Joonas Donskoi,SEA,RW,17,0,7,7,1,0,24,0,0,1,0,0,11,6
Rasmus Andersson,CGY,D,17,0,8,8,9,8,23,0,0,5,0,0,4,24
Jack Roslovic,CLS,RW,14,0,4,4,0,2,22,0,0,0,0,0,6,2
Mitchell Stephens,DET,C,16,0,4,4,-5,4,13,0,0,0,0,0,9,8
Jeremy Lauzon,SEA,D,16,0,3,3,-4,30,13,0,0,0,0,0,44,10
Sami Niku,MON,D,5,0,2,2,3,2,4,0,0,1,0,0,3,4
Austin Strand,LA,D,2,0,0,0,-1,0,0,0,0,0,0,0,1,1
Lucas Carlsson,FLA,D,3,0,1,1,0,2,3,0,0,0,0,0,3,2
Jonas Siegenthaler,NJ,D,15,0,2,2,1,13,13,0,0,0,0,0,18,27
Nicolas Meloche,SJ,D,6,0,1,1,-3,0,7,0,0,0,0,0,15,9
Travis Dermott,TOR,D,15,0,1,1,-2,2,12,0,0,0,0,0,17,10
Erik Gustafsson,CHI,D,15,0,4,4,-2,0,13,0,0,1,0,0,12,13
Glenn Gawdin,CGY,C,2,0,0,0,0,2,3,0,0,0,0,0,1,1
Thomas Novak,NSH,C,14,0,5,5,0,2,11,0,0,3,0,0,2,2
Matt Benning,NSH,D,13,0,2,2,-2,8,7,0,0,0,0,0,19,17
Nick Seeler,PHI,D,13,0,0,0,-1,11,7,0,0,0,0,0,19,18
Caleb Jones,CHI,D,1,0,0,0,0,0,1,0,0,0,0,0,0,1
Philippe Myers,NSH,D,8,0,0,0,2,2,11,0,0,0,0,0,12,5
Kevin Stenlund,CLS,C,3,0,0,0,0,2,3,0,0,0,0,0,2,2
Tyler Motte,VAN,C,3,0,1,1,-2,2,5,0,0,0,0,0,7,3
Troy Stecher,DET,D,6,0,1,1,1,2,5,0,0,0,0,0,8,7
Markus Nutivaara,FLA,D,1,0,1,1,0,0,0,0,0,0,0,0,1,0
Michael McLeod,NJ,C,15,0,2,2,-4,9,17,0,0,0,0,0,22,7
Max Jones,ANH,LW,2,0,0,0,-1,15,2,0,0,0,0,0,2,0