Player_Name,Team,Pos,Games,G,A,Pts,plusminus,PIM,SOG,GWG,PPG,PPA,SHG,SHA,Hits,BS
Leon Draisaitl,EDM,C,21,20,21,41,14,14,72,6,10,6,1,0,10,4
Alex Ovechkin,WAS,LW,23,19,18,37,16,4,98,1,4,5,1,0,32,6
Chris Kreider,NYR,LW,21,16,3,19,5,12,61,0,9,0,0,0,47,8
Andrew Mangiapane,CGY,LW,22,15,2,17,5,6,57,4,4,0,1,0,20,5
Connor McDavid,EDM,C,21,15,25,40,9,10,80,1,5,13,0,0,20,5
Troy Terry,ANH,C,23,15,10,25,3,6,53,3,4,3,0,0,1,9
Kyle Connor,WPG,LW,22,14,10,24,5,2,100,1,1,4,0,0,11,4
Auston Matthews,TOR,C,21,13,9,22,7,4,93,3,4,3,0,0,18,15
Matt Duchene,NSH,C,22,13,11,24,1,8,68,3,4,3,0,0,5,7
Alex DeBrincat,CHI,RW,21,12,3,15,-7,9,61,2,3,1,0,0,33,9
Ryan Hartman,MIN,RW,22,12,6,18,18,21,74,4,1,0,0,0,23,11
Timo Meier,SJ,LW,17,11,11,22,10,0,78,5,3,1,0,0,35,15
Pierre-Luc Dubois,WPG,C,22,11,7,18,5,22,67,2,4,1,0,0,28,17
Zach Hyman,EDM,RW,21,11,6,17,0,14,63,1,3,2,1,0,19,6
Steven Stamkos,TB,C,20,11,13,24,1,2,50,1,4,3,0,0,19,8
Jordan Eberle,SEA,RW,22,11,5,16,-11,2,50,1,3,2,0,0,18,19
John Tavares,TOR,C,23,11,14,25,6,10,75,1,3,2,0,0,21,16
Reilly Smith,VGK,RW,22,10,6,16,2,4,71,2,2,1,2,0,23,9
Boone Jenner,CLS,LW,20,10,4,14,-5,6,56,1,5,0,0,0,17,16
Filip Forsberg,NSH,RW,13,10,5,15,1,6,31,2,2,2,0,0,13,6
Mikko Rantanen,COL,RW,16,10,8,18,9,14,57,0,6,2,0,0,15,5
Roope Hintz,DAL,LW,20,10,5,15,5,8,57,3,1,3,2,0,22,11
Sebastian Aho,CAR,LW,21,10,10,20,5,10,64,0,5,1,0,0,12,9
Matthew Tkachuk,CGY,LW,22,10,9,19,11,22,73,1,5,3,0,0,25,6
Tage Thompson,BUF,RW,22,10,6,16,0,4,64,0,2,1,0,0,17,6
Jake Guentzel,PIT,LW,22,10,10,20,-5,12,85,1,2,3,0,0,30,19
William Nylander,TOR,C,24,10,13,23,6,6,88,4,3,5,0,0,5,3
Dylan Larkin,DET,C,20,10,11,21,6,14,58,3,2,2,0,0,8,8
Jared McCann,SEA,C,18,10,4,14,-5,6,36,0,5,0,0,0,20,7
Lucas Raymond,DET,RW,24,10,12,22,3,4,56,1,3,2,0,0,11,6
Cale Makar,COL,D,17,9,11,20,-1,2,49,2,1,7,0,0,20,18
Anthony Duclair,FLA,LW,19,9,8,17,14,2,35,0,1,3,0,0,6,6
Tyler Bertuzzi,DET,LW,20,9,9,18,9,12,49,2,1,1,0,0,19,14
Jordan Kyrou,STL,RW,22,9,14,23,3,2,56,0,2,5,0,1,2,7
Joel Eriksson Ek,MIN,C,22,9,4,13,4,10,59,1,4,0,0,0,33,18
Andreas Johnsson,NJ,LW,20,9,9,18,13,12,35,0,1,0,0,0,17,5
Jonathan Marchessault,VGK,LW,17,9,5,14,-3,6,51,2,1,1,0,0,19,6
Johnny Gaudreau,CGY,LW,22,9,16,25,14,4,73,3,1,3,0,0,4,2
Elias Lindholm,CGY,RW,22,9,14,23,18,2,66,2,3,6,1,0,20,14
Aleksander Barkov,FLA,C,15,9,8,17,11,2,44,2,2,0,0,0,14,4
Brock Nelson,NYI,C,15,9,2,11,-4,11,40,1,2,1,0,0,11,11
Marcus Foligno,MIN,LW,22,9,6,15,10,41,34,1,3,1,0,0,61,13
Nazem Kadri,COL,C,19,9,20,29,4,30,61,0,4,7,0,0,19,4
Brad Marchand,BOS,LW,18,9,15,24,0,32,48,1,3,8,0,0,30,3
Patrice Bergeron,BOS,C,19,8,10,18,4,6,63,2,3,6,0,0,26,15
Anze Kopitar,LA,C,21,8,15,23,-6,2,61,1,3,5,0,0,20,25
Jeff Skinner,BUF,LW,22,8,7,15,-3,2,64,1,1,2,0,0,7,8
J.T. Miller,VAN,C,24,8,15,23,-2,8,62,1,3,7,0,0,54,13
Vladislav Namestnikov,DET,C,24,8,5,13,1,12,31,0,0,0,0,0,20,13
Brandon Saad,STL,LW,18,8,3,11,-1,4,46,0,3,1,1,0,4,5
Alex Killorn,TB,C,21,8,11,19,0,24,35,1,0,2,0,0,19,4
Tomas Hertl,SJ,LW,22,8,5,13,-6,6,59,0,1,2,0,0,24,10
Tom Wilson,WAS,RW,23,8,15,23,14,26,44,1,1,2,1,1,63,19
Brandon Tanev,SEA,LW,23,8,5,13,4,13,40,2,2,0,1,0,81,12
Adrian Kempe,LA,C,21,8,5,13,-6,18,58,1,0,3,1,0,29,4
Pavel Zacha,NJ,C,20,8,5,13,-4,6,51,1,2,2,0,0,25,6
Evan Rodrigues,PIT,C,23,8,8,16,0,0,76,1,2,0,0,0,27,6
Pavel Buchnevich,STL,LW,20,8,9,17,7,18,60,0,3,3,0,0,13,5
Ivan Barbashev,STL,LW,22,8,6,14,2,14,36,0,2,1,1,0,33,9
David Pastrnak,BOS,RW,19,8,11,19,2,8,92,1,4,1,0,0,16,4
Sam Bennett,FLA,LW,18,8,5,13,11,16,64,3,3,1,0,1,41,7
Chandler Stephenson,VGK,C,22,8,12,20,3,8,38,1,0,2,0,1,25,16
Josh Norris,OTT,C,20,8,6,14,-2,4,52,0,4,0,0,0,24,18
Alex Iafallo,LA,C,21,8,7,15,1,4,68,2,1,1,0,0,14,16
Andrei Svechnikov,CAR,RW,21,8,12,20,9,35,64,1,1,6,0,0,36,0
Joel Farabee,PHI,LW,21,7,3,10,7,13,34,0,1,0,1,0,29,8
Brandon Hagel,CHI,LW,18,7,2,9,-7,2,35,1,0,0,0,0,12,6
Drake Batherson,OTT,RW,15,7,9,16,2,8,44,0,0,5,0,0,40,7
Eetu Luostarinen,FLA,LW,19,7,1,8,5,0,24,3,0,0,1,0,22,15
Josh Anderson,MON,RW,24,7,6,13,-11,16,65,1,0,1,0,0,54,6
Carter Verhaeghe,FLA,C,22,7,9,16,6,12,39,1,0,1,0,0,14,2
Bo Horvat,VAN,C,24,7,6,13,-2,14,63,0,1,1,0,0,24,16
Brayden Point,TB,C,16,7,6,13,2,7,38,2,1,3,0,0,14,5
Conor Garland,VAN,RW,24,7,11,18,3,12,70,3,1,1,0,0,14,4
Anthony Cirelli,TB,C,21,7,7,14,2,23,42,1,2,1,0,0,25,23
Kirill Kaprizov,MIN,LW,22,7,18,25,7,8,74,1,1,3,0,0,23,5
Jonathan Dahlen,SJ,LW,18,7,2,9,4,0,32,2,1,0,0,0,4,7
Jesse Puljujarvi,EDM,RW,21,7,10,17,8,10,51,1,1,2,0,0,21,4
Cam Atkinson,PHI,RW,21,7,5,12,9,4,61,3,0,0,1,0,10,8
Jonathan Huberdeau,FLA,LW,22,7,16,23,6,4,52,2,1,6,1,0,31,10
Rickard Rakell,ANH,C,14,7,2,9,-2,4,48,0,2,1,0,0,11,12
Vladimir Tarasenko,STL,RW,22,7,12,19,0,8,84,2,0,5,0,1,18,18
Evgeny Kuznetsov,WAS,C,23,7,20,27,11,14,58,2,1,7,1,2,9,8
Logan Couture,SJ,C,21,7,12,19,9,4,49,1,0,3,1,1,26,19
David Perron,STL,RW,20,7,11,18,-1,12,50,1,3,5,0,0,15,3
Claude Giroux,PHI,C,21,7,11,18,-6,10,64,0,1,3,0,0,15,2
Joe Pavelski,DAL,RW,20,7,10,17,6,6,39,1,3,2,0,0,22,14
Roman Josi,NSH,D,22,7,13,20,3,16,65,1,4,6,0,0,12,29
Mats Zuccarello,MIN,RW,16,6,10,16,9,2,33,1,0,5,0,0,8,10
Milan Lucic,CGY,LW,22,6,2,8,0,31,29,0,0,1,0,0,53,6
Kyle Okposo,BUF,RW,22,6,9,15,0,6,55,1,2,2,1,0,15,7
Patrick Kane,CHI,RW,17,6,12,18,-4,0,74,2,2,4,0,0,3,2
Ryan Johansen,NSH,C,22,6,12,18,-5,8,33,1,2,5,0,0,17,15
Charlie Coyle,BOS,C,19,6,5,11,-1,6,40,2,1,1,0,0,31,6
Adam Henrique,ANH,C,23,6,10,16,5,4,67,0,2,3,0,0,11,19
Gabriel Landeskog,COL,LW,17,6,15,21,11,31,48,1,0,6,0,0,24,12
Dougie Hamilton,NJ,D,17,6,6,12,5,12,68,0,1,3,0,0,27,33
Jesper Fast,CAR,RW,21,6,2,8,7,0,30,0,0,0,0,0,37,12
Teddy Blueger,PIT,C,23,6,4,10,2,2,37,0,0,0,0,0,36,16
Clayton Keller,ARI,C,23,6,9,15,0,18,57,1,2,1,0,0,3,15
Frank Vatrano,FLA,LW,22,6,2,8,-4,10,49,0,1,0,0,0,26,8
Michael Bunting,TOR,LW,24,6,11,17,1,16,50,1,1,1,0,0,26,5
Artemi Panarin,NYR,LW,21,6,17,23,6,12,51,2,1,8,0,0,7,4
Danton Heinen,PIT,C,23,6,3,9,1,8,42,1,2,0,0,0,25,15
Andrew Copp,WPG,C,22,6,11,17,9,8,59,1,1,1,1,1,23,12
Mitch Marner,TOR,C,24,6,15,21,5,4,60,3,0,7,1,0,8,12
Andre Burakovsky,COL,LW,18,6,8,14,-4,6,30,1,2,3,0,0,12,9
Oliver Bjorkstrand,CLS,RW,20,6,13,19,-6,4,59,0,2,5,0,0,9,7
Nikolaj Ehlers,WPG,LW,22,6,7,13,1,6,85,1,0,1,0,0,10,9
Aaron Ekblad,FLA,D,22,6,14,20,18,8,69,1,1,6,0,0,23,22
Alexandre Texier,CLS,C,20,6,3,9,1,6,39,0,0,0,1,0,5,5
Jesper Bratt,NJ,LW,20,6,12,18,10,10,56,2,0,2,0,0,9,7
Isac Lundestrom,ANH,LW,24,6,7,13,7,0,29,2,0,0,2,0,9,16
Jesperi Kotkaniemi,CAR,LW,21,6,2,8,1,6,25,2,0,1,0,0,23,9
Dawson Mercer,NJ,C,20,6,8,14,12,10,44,0,0,1,0,0,8,8
Dylan Cozens,BUF,C,22,6,6,12,-12,9,37,1,1,2,0,0,7,8
Trevor Zegras,ANH,C,22,6,11,17,-6,22,58,2,2,2,0,0,10,8
Nils Hoglander,VAN,LW,24,5,5,10,2,14,58,0,0,2,0,0,10,5
Brady Tkachuk,OTT,LW,17,5,7,12,0,50,48,1,0,0,0,0,73,6
Tanner Jeannot,NSH,LW,22,5,5,10,-2,29,37,1,0,0,0,0,64,15
Victor Olofsson,BUF,LW,14,5,9,14,0,4,32,0,1,2,0,0,0,5
Oliver Wahlstrom,NYI,RW,17,5,0,5,-2,12,43,1,2,0,0,0,30,4
Alexis Lafreniere,NYR,LW,21,5,1,6,-2,13,29,2,0,0,0,0,32,7
Jason Robertson,DAL,LW,14,5,10,15,7,10,32,2,2,2,0,0,2,4
Kailer Yamamoto,EDM,LW,21,5,1,6,1,4,28,3,0,0,1,0,23,6
Sonny Milano,ANH,LW,19,5,11,16,2,2,30,1,3,3,0,0,12,3
Robby Fabbri,DET,LW,24,5,6,11,-5,10,57,0,2,1,0,0,40,13
Sam Reinhart,FLA,RW,22,5,8,13,2,4,46,1,1,3,0,0,18,11
Kasperi Kapanen,PIT,RW,23,5,9,14,2,6,49,1,0,3,0,0,25,8
Yanni Gourde,SEA,LW,19,5,10,15,1,9,38,0,0,2,0,1,25,6
Zach Sanford,OTT,LW,20,5,1,6,-10,15,34,0,1,1,0,0,40,15
Luke Glendening,DAL,C,20,5,3,8,0,4,27,0,0,0,0,0,34,15
J.T. Compher,COL,C,12,5,4,9,0,6,24,0,1,2,1,0,7,9
Lawson Crouse,ARI,LW,23,5,5,10,-4,22,54,1,0,2,0,0,51,12
Zach Werenski,CLS,D,20,5,10,15,-2,8,68,1,3,3,0,1,10,28
Garnet Hathaway,WAS,RW,23,5,1,6,6,14,45,2,0,0,0,1,85,11
Ryan Donato,SEA,C,20,5,4,9,-3,21,40,1,0,0,0,0,18,6
Travis Konecny,PHI,C,21,5,5,10,-5,8,63,1,2,0,0,0,27,7
Ondrej Kase,TOR,RW,21,5,3,8,1,6,54,0,0,0,0,0,12,13
Conor Sheary,WAS,LW,18,5,4,9,2,2,26,2,1,1,0,0,9,10
Rasmus Asplund,BUF,C,22,5,7,12,-4,4,40,1,2,1,1,0,6,3
Carl Grundstrom,LA,LW,14,5,1,6,4,0,27,0,0,0,0,0,28,4
Kevin Rooney,NYR,C,21,5,0,5,1,6,24,1,0,0,0,0,28,17
Travis Boyd,ARI,C,16,5,3,8,0,8,18,0,0,0,0,0,17,11
Pius Suter,DET,LW,24,5,6,11,0,2,51,1,0,2,0,0,7,9
Chris Tierney,OTT,C,20,5,2,7,-10,4,25,1,3,2,0,0,13,13
Brock McGinn,PIT,LW,23,5,4,9,3,8,42,1,0,0,0,0,35,14
Valeri Nichushkin,COL,LW,10,5,4,9,6,2,17,0,1,0,1,0,15,3
Sean Couturier,PHI,C,21,5,9,14,-3,8,62,2,1,3,0,1,16,12
Tyler Toffoli,MON,RW,24,5,10,15,-3,4,60,0,2,1,0,0,36,8
Jaden Schwartz,SEA,LW,22,5,12,17,-8,8,56,0,0,2,0,0,28,9
Mikael Granlund,NSH,C,22,5,20,25,5,6,36,1,1,6,0,0,11,12
Kevin Shattenkirk,ANH,D,24,5,11,16,2,10,47,0,0,8,0,0,18,30
Paul Stastny,WPG,C,14,5,4,9,4,8,18,1,1,1,0,0,4,7
Jason Spezza,TOR,C,24,5,3,8,0,12,37,0,2,2,0,0,10,11
Jeff Carter,PIT,C,20,5,6,11,-4,14,66,0,1,0,0,0,22,12
Evgenii Dadonov,VGK,RW,22,5,4,9,0,2,63,1,1,0,0,0,19,8
Tyler Seguin,DAL,C,20,5,4,9,-5,6,48,1,1,2,0,0,21,8
Taylor Hall,BOS,LW,19,5,6,11,-2,10,47,0,2,2,0,0,15,9
John Carlson,WAS,D,23,5,17,22,4,4,48,1,3,5,0,1,18,26
Jamie Benn,DAL,C,20,5,4,9,1,23,41,1,1,2,0,0,45,12
Zack Kassian,EDM,RW,17,4,5,9,-1,27,18,1,1,0,0,0,53,1
Erik Karlsson,SJ,D,16,4,8,12,4,4,32,0,0,5,0,0,7,15
Alex Pietrangelo,VGK,D,22,4,9,13,0,8,59,0,1,4,1,0,17,50
Cam Fowler,ANH,D,24,4,10,14,0,6,44,0,3,5,0,0,15,34
Nino Niederreiter,CAR,RW,15,4,3,7,3,2,31,1,1,0,0,0,19,8
Ryan O'Reilly,STL,C,18,4,7,11,2,2,39,0,1,1,0,0,5,9
Tomas Tatar,NJ,LW,20,4,6,10,-1,8,39,0,1,1,0,0,21,7
Dmitry Orlov,WAS,D,23,4,10,14,19,22,35,3,1,0,0,0,34,26
T.J. Oshie,WAS,RW,8,4,3,7,-4,6,14,1,1,2,0,0,15,7
Mikael Backlund,CGY,C,22,4,4,8,3,10,44,0,0,1,0,0,16,6
Derick Brassard,PHI,C,17,4,7,11,8,6,22,0,1,1,0,0,26,2
Derek Forbort,BOS,D,19,4,1,5,-1,4,18,1,0,0,0,0,22,19
Mike Hoffman,MON,LW,13,4,3,7,-9,2,34,2,2,3,0,0,8,4
Justin Faulk,STL,D,22,4,6,10,9,23,57,2,1,1,0,0,39,33
Jason Zucker,PIT,LW,23,4,5,9,-3,8,64,0,1,0,0,0,34,15
Gustav Nyquist,CLS,RW,20,4,5,9,-2,4,21,0,0,0,1,0,3,12
Brendan Gallagher,MON,RW,23,4,6,10,-3,24,57,0,3,0,0,0,23,14
Anders Lee,NYI,C,12,4,0,4,-4,6,31,1,0,0,0,0,14,3
Mika Zibanejad,NYR,C,21,4,13,17,5,2,52,0,2,4,0,1,16,12
Vincent Trocheck,CAR,C,21,4,9,13,5,18,35,1,2,2,0,0,42,10
Scott Laughton,PHI,C,21,4,2,6,-3,6,30,0,0,0,1,0,43,17
Zemgus Girgensons,BUF,C,22,4,5,9,-4,21,39,1,1,1,0,0,29,10
Tanner Pearson,VAN,LW,24,4,4,8,1,10,56,1,1,0,0,0,26,13
Jacob Trouba,NYR,D,21,4,5,9,5,24,58,1,1,0,0,0,53,44
Patrick Maroon,TB,LW,20,4,1,5,2,37,35,0,2,0,0,0,33,2
Sam Carrick,ANH,C,16,4,1,5,-1,9,25,0,0,0,0,0,33,7
Ondrej Palat,TB,LW,21,4,8,12,0,10,42,3,0,1,0,0,36,16
Rem Pitlick,MIN,C,13,4,5,9,3,6,9,1,0,0,0,0,6,4
Adam Fox,NYR,D,21,4,18,22,9,14,43,1,0,8,1,0,10,46
Sam Steel,ANH,C,17,4,1,5,-2,2,12,0,0,0,0,0,2,7
Denis Gurianov,DAL,RW,19,4,3,7,2,4,41,1,2,2,0,0,22,11
Brock Boeser,VAN,RW,21,4,5,9,-8,2,54,0,1,2,0,1,10,12
Christian Dvorak,MON,LW,24,4,7,11,-11,20,45,0,0,2,0,0,15,34
Brendan Lemieux,LA,LW,14,4,1,5,5,32,19,0,0,0,0,0,36,6
Tony DeAngelo,CAR,D,20,4,15,19,10,23,43,1,0,6,0,0,8,14
Viktor Arvidsson,LA,LW,14,4,5,9,-3,6,56,0,3,1,0,0,4,8
Mathew Barzal,NYI,C,17,4,4,8,-8,8,45,0,0,1,0,0,13,3
Jimmy Vesey,NJ,LW,20,4,2,6,-6,4,34,1,0,0,1,0,29,12
Ben Chiarot,MON,D,24,4,1,5,-4,20,42,0,0,0,0,0,54,42
Connor Brown,OTT,RW,16,4,7,11,-10,4,28,0,0,4,0,0,5,9
Ryan Poehling,MON,C,10,4,0,4,1,0,14,1,0,0,0,0,5,1
Elias Pettersson,VAN,C,24,4,8,12,-6,6,61,0,3,5,1,0,5,10
Nick Suzuki,MON,C,24,4,11,15,-8,4,52,2,2,3,1,0,21,13
Owen Tippett,FLA,RW,22,4,6,10,8,6,39,0,0,0,0,0,21,9
Martin Necas,CAR,C,19,4,8,12,4,8,38,3,0,1,0,0,13,6
Alex Kerfoot,TOR,C,24,4,12,16,13,4,34,1,0,0,0,0,17,12
Arthur Kaliyev,LA,RW,20,4,2,6,-3,4,43,1,2,1,0,0,9,3
Adam Boqvist,CLS,D,13,4,2,6,-4,2,18,0,1,2,0,0,6,10
Filip Zadina,DET,RW,24,4,4,8,-1,4,52,1,2,1,0,0,17,12
Jake Evans,MON,LW,20,4,2,6,-4,6,29,0,0,0,0,0,36,9
Vasili Podkolzin,VAN,RW,22,4,1,5,-1,4,30,1,0,1,0,0,29,10
Philip Tomasino,NSH,C,20,4,3,7,-4,8,24,1,2,1,0,0,6,8
Bowen Byram,COL,D,13,4,5,9,3,6,26,2,0,0,0,0,16,13
Nico Sturm,MIN,C,22,4,5,9,-2,4,41,0,0,0,1,0,19,7
Seth Jarvis,CAR,RW,14,4,3,7,4,2,29,2,0,1,0,0,7,5
Cole Sillinger,CLS,C,20,4,5,9,-6,17,48,1,0,1,0,0,11,8
Alexander Barabanov,SJ,RW,17,3,7,10,-3,2,14,1,1,1,0,0,9,11
Jacob Peterson,DAL,LW,14,3,1,4,-3,4,16,0,0,0,0,0,9,3
Drew O'Connor,PIT,C,12,3,2,5,2,4,20,0,0,0,0,0,11,5
Anton Lundell,FLA,C,18,3,4,7,0,6,30,1,0,1,0,0,10,19
Jamie Drysdale,ANH,D,24,3,9,12,-5,6,43,1,0,4,0,0,10,22
Connor McMichael,WAS,C,21,3,5,8,0,4,42,0,0,0,0,0,14,7
Kirby Dach,CHI,C,21,3,5,8,-5,21,39,0,2,0,0,1,11,15
Alex Newhook,COL,C,10,3,2,5,1,2,16,2,0,1,0,0,5,4
Kaapo Kakko,NYR,RW,17,3,5,8,4,2,28,0,0,1,0,0,3,5
Brandon Duhaime,MIN,LW,22,3,5,8,-1,42,40,1,0,0,0,0,53,5
Alex Barre-Boulet,TB,C,14,3,3,6,2,2,13,0,0,1,0,0,9,2
Dominik Kubalik,CHI,LW,21,3,4,7,-12,6,45,0,2,1,0,0,38,11
Zach Whitecloud,VGK,D,10,3,1,4,4,4,19,1,0,0,1,0,20,27
Carson Soucy,SEA,D,17,3,3,6,5,6,25,0,0,1,1,0,36,18
Evan Bouchard,EDM,D,21,3,10,13,7,2,50,0,0,2,0,1,19,34
Rasmus Dahlin,BUF,D,22,3,11,14,-4,16,46,0,1,5,0,0,29,17
Pierre Engvall,TOR,LW,24,3,5,8,3,10,52,0,1,1,0,0,20,2
Yegor Sharangovich,NJ,LW,18,3,4,7,-1,2,32,1,0,1,0,0,6,5
Logan O'Connor,COL,C,19,3,5,8,1,10,49,0,0,0,1,1,18,16
Ryan McLeod,EDM,C,13,3,0,3,1,2,9,0,0,0,0,0,4,2
Miro Heiskanen,DAL,D,20,3,13,16,-3,8,55,1,2,5,0,0,15,29
Steven Lorentz,CAR,C,19,3,0,3,3,4,22,1,0,0,0,0,21,6
David Kampf,TOR,RW,24,3,4,7,1,8,27,0,0,0,0,0,23,7
Nicolas Hague,VGK,D,22,3,6,9,3,16,47,0,0,0,0,0,18,34
Shayne Gostisbehere,ARI,D,23,3,13,16,-1,6,50,0,0,5,0,0,5,28
Kevin Fiala,MIN,LW,22,3,12,15,0,12,74,1,1,2,0,0,17,4
Shea Theodore,VGK,D,20,3,9,12,0,8,52,0,0,3,0,0,5,26
Artturi Lehkonen,MON,LW,24,3,7,10,-2,12,42,0,0,0,0,0,29,10
Josh Morrissey,WPG,D,22,3,5,8,5,14,42,0,3,1,0,0,35,25
Max Domi,CLS,C,10,3,6,9,5,10,15,0,0,0,0,0,1,2
William Carrier,VGK,LW,14,3,2,5,2,10,19,0,0,0,0,0,25,3
Barclay Goodrow,NYR,LW,21,3,6,9,0,14,28,1,0,0,0,1,45,14
Anders Bjork,BUF,LW,22,3,1,4,-4,4,23,0,0,0,0,0,6,4
Nick Paul,OTT,LW,20,3,0,3,-13,9,45,0,0,0,0,0,26,19
Kevin Labanc,SJ,RW,16,3,3,6,-2,6,26,1,2,2,0,0,22,8
Daniel Sprong,WAS,RW,20,3,3,6,2,2,43,0,0,0,0,0,14,6
Jake DeBrusk,BOS,LW,18,3,3,6,-2,0,36,2,0,0,0,0,8,5
Anthony Beauvillier,NYI,LW,16,3,4,7,-2,0,34,0,1,0,0,0,16,6
Yakov Trenin,NSH,C,22,3,3,6,-1,11,32,1,0,0,0,0,45,14
Oliver Kylington,CGY,D,21,3,10,13,10,4,32,0,0,0,0,0,13,20
Jack Roslovic,CLS,RW,20,3,5,8,0,2,28,1,0,0,0,0,11,3
Nick Jensen,WAS,D,23,3,6,9,21,2,37,0,0,0,0,0,44,33
Sean Kuraly,CLS,C,20,3,2,5,3,17,26,0,0,0,0,0,52,13
Devon Toews,COL,D,10,3,7,10,13,2,19,0,1,1,0,0,10,7
Patrik Laine,CLS,RW,9,3,7,10,2,6,23,2,0,4,0,0,5,5
Dryden Hunt,NYR,LW,21,3,2,5,-1,25,24,1,0,0,0,0,41,0
Jake Bean,CLS,D,20,3,5,8,-1,6,26,1,0,0,0,1,7,32
Charlie McAvoy,BOS,D,19,3,11,14,4,19,42,0,2,6,0,0,39,35
Luke Kunin,NSH,C,22,3,4,7,2,10,30,0,0,1,0,0,54,18
Mathieu Joseph,TB,RW,20,3,4,7,-1,6,17,0,0,0,0,0,36,10
Janne Kuokkanen,NJ,LW,20,3,1,4,-3,4,22,1,1,0,1,0,17,7
Blake Coleman,CGY,C,21,3,3,6,7,21,59,0,0,0,0,0,44,13
Torey Krug,STL,D,17,3,7,10,3,14,34,1,1,4,1,0,10,13
Matt Dumba,MIN,D,22,3,8,11,5,18,53,1,0,3,0,0,37,39
Morgan Rielly,TOR,D,24,3,12,15,11,2,59,2,1,4,0,0,27,22
Teuvo Teravainen,CAR,C,21,3,11,14,3,8,51,1,2,5,0,0,8,14
Hampus Lindholm,ANH,D,24,3,6,9,7,20,47,1,0,1,0,0,16,32
Antoine Roussel,ARI,LW,19,3,0,3,-10,35,23,1,0,0,0,0,19,11
Jonathan Drouin,MON,C,18,3,9,12,-5,8,31,0,0,3,0,0,14,5
Adam Erne,DET,RW,23,3,3,6,-3,7,32,1,0,0,0,0,60,16
Victor Rask,MIN,C,12,3,4,7,7,2,17,0,0,0,0,0,5,1
Phillip Danault,LA,C,21,3,7,10,-1,12,47,1,0,1,0,0,24,11
Jonas Brodin,MIN,D,22,3,8,11,4,2,43,0,0,1,0,1,17,34
Ryan Strome,NYR,C,17,3,11,14,5,14,34,2,0,4,0,0,7,3
Jared Spurgeon,MIN,D,17,3,5,8,5,2,28,0,0,2,0,0,14,23
Patric Hornqvist,FLA,RW,22,3,8,11,-3,7,45,0,1,2,0,0,37,8
Wayne Simmonds,TOR,RW,23,3,6,9,3,15,42,1,0,0,0,0,36,4
Mathieu Perreault,MON,C,8,3,1,4,3,4,11,0,0,0,0,0,7,5
Max Pacioretty,VGK,LW,5,3,4,7,2,2,30,0,1,1,0,0,8,4
Mark Giordano,SEA,D,19,3,4,7,-6,16,39,0,0,2,0,0,11,29
Phil Kessel,ARI,RW,23,3,9,12,-2,6,48,0,1,4,0,0,3,6
Ryan Suter,DAL,D,20,3,8,11,-1,10,24,0,2,4,0,0,8,23
Andrew Ladd,ARI,LW,15,3,1,4,-8,12,14,0,1,0,0,0,23,9
Dustin Brown,LA,RW,21,3,5,8,-1,2,68,0,0,0,0,0,42,5
Corey Perry,TB,RW,21,3,3,6,-3,15,42,0,1,0,0,0,22,10
Alex Chiasson,VAN,RW,19,3,3,6,-2,18,20,0,3,2,0,0,21,3
Cody Eakin,BUF,C,17,3,3,6,-6,8,30,1,1,0,0,1,6,9
Tyson Barrie,EDM,D,21,3,10,13,-1,4,45,0,2,4,0,0,10,24
Nick Bjugstad,MIN,C,19,3,0,3,-2,6,35,0,0,0,0,0,31,6
Brayden Schenn,STL,C,13,3,3,6,5,12,20,0,1,1,0,0,10,1
Victor Hedman,TB,D,21,3,16,19,1,14,54,0,1,6,0,0,38,32
Derek Stepan,CAR,C,15,3,2,5,2,2,26,0,0,0,0,0,7,7
Michael Del Zotto,OTT,D,10,2,4,6,-9,4,15,0,1,1,0,0,24,12
Darren Helm,COL,C,19,2,2,4,-3,6,32,0,0,0,1,1,22,8
Nick Bonino,SJ,C,22,2,0,2,-3,12,34,0,1,0,0,0,7,27
Brayden McNabb,VGK,D,22,2,4,6,2,12,16,0,0,0,0,0,47,51
Oliver Ekman-Larsson,VAN,D,24,2,2,4,0,26,71,0,2,0,0,0,34,16
Marcus Johansson,SEA,LW,12,2,4,6,-5,0,29,1,1,3,0,0,3,3
Brian Boyle,PIT,C,16,2,0,2,-1,9,21,0,0,0,0,0,17,11
Joe Thornton,FLA,C,12,2,2,4,0,6,9,0,1,0,0,0,13,2
Andrew Cogliano,SJ,LW,20,2,3,5,2,6,22,0,0,0,1,0,25,4
Sidney Crosby,PIT,C,11,2,6,8,-8,2,27,1,0,3,0,0,6,5
Alex Goligoski,MIN,D,19,2,12,14,9,12,22,0,0,2,0,0,18,23
James Neal,STL,RW,17,2,2,4,-1,0,29,1,1,1,0,0,14,3
Brad Richardson,CGY,C,13,2,1,3,3,6,9,0,0,0,0,0,23,6
Erik Johnson,COL,D,19,2,5,7,7,4,38,1,0,0,0,1,39,35
Jordan Staal,CAR,C,21,2,6,8,2,8,41,0,1,0,0,0,51,11
Brendan Smith,CAR,D,10,2,0,2,2,8,13,1,0,0,0,0,18,4
Cal Clutterbuck,NYI,RW,17,2,0,2,-6,6,18,1,0,0,0,0,73,8
Sam Gagner,DET,C,24,2,7,9,-7,10,33,0,0,1,0,0,6,11
Lars Eller,WAS,C,17,2,7,9,8,10,28,0,0,1,0,0,15,11
Anton Stralman,ARI,D,19,2,2,4,-5,4,22,0,0,0,0,0,14,24
James van Riemsdyk,PHI,LW,21,2,4,6,-4,6,45,1,1,0,0,0,6,7
Trevor Lewis,CGY,C,22,2,2,4,3,2,33,0,0,0,0,0,49,10
Jon Merrill,MIN,D,22,2,6,8,4,6,21,0,0,0,0,0,17,31
Ryan Nugent-Hopkins,EDM,LW,21,2,18,20,3,2,49,0,0,12,0,1,16,12
Adam Lowry,WPG,LW,22,2,2,4,1,12,23,0,0,0,0,1,61,9
Nick Cousins,NSH,C,18,2,3,5,-6,8,34,0,1,1,0,0,16,9
Mark Scheifele,WPG,C,16,2,6,8,-3,2,32,1,0,1,0,0,2,14
Nikita Zadorov,CGY,D,16,2,2,4,2,8,24,0,0,0,0,0,32,13
Alexander Wennberg,SEA,C,23,2,11,13,-8,8,34,0,0,4,0,0,14,9
Sean Monahan,CGY,C,22,2,8,10,-6,4,31,2,2,6,0,0,14,10
Mike Reilly,BOS,D,17,2,2,4,1,4,33,0,0,1,1,0,26,15
Seth Jones,CHI,D,21,2,15,17,-9,8,59,0,0,6,0,1,19,41
Andreas Athanasiou,LA,C,8,2,3,5,2,0,18,1,0,1,0,0,3,3
Radek Faksa,DAL,C,20,2,5,7,-7,15,22,0,1,0,0,0,30,23
Colton Sissons,NSH,RW,22,2,5,7,-2,6,24,0,0,0,0,0,33,17
Craig Smith,BOS,RW,14,2,2,4,-7,2,38,0,0,1,0,0,19,1
Ryan Lomberg,FLA,LW,13,2,3,5,5,21,27,1,0,0,0,1,34,0
Samuel Girard,COL,D,17,2,8,10,-1,8,24,0,0,1,0,0,16,25
Ryan Lindgren,NYR,D,21,2,2,4,9,6,21,1,0,0,0,0,28,46
Mikhail Sergachev,TB,D,19,2,9,11,-2,14,32,0,0,3,0,0,28,25
Jakob Chychrun,ARI,D,23,2,5,7,-25,30,74,0,1,0,0,0,32,27
Tyson Jost,COL,C,19,2,4,6,-1,6,26,0,0,0,0,1,19,12
Dillon Dube,CGY,C,22,2,7,9,0,4,48,0,0,1,0,1,18,3
Brett Howden,VGK,C,18,2,3,5,2,4,12,1,0,0,0,1,20,12
Nathan Bastian,NJ,RW,15,2,1,3,-2,31,12,0,0,0,0,0,23,10
Drake Caggiula,BUF,LW,18,2,3,5,-4,4,23,1,0,1,0,0,17,7
Tyler Motte,VAN,C,9,2,1,3,-1,4,16,0,0,0,0,0,19,9
Kyle Capobianco,ARI,D,9,2,3,5,4,8,9,1,1,1,0,0,7,6
Vince Dunn,SEA,D,21,2,8,10,-9,12,27,0,1,3,0,0,23,14
Carter Rowney,DET,C,13,2,0,2,-3,0,7,0,0,0,0,0,24,8
Alexandre Carrier,NSH,D,19,2,5,7,5,14,24,0,0,0,0,0,6,32
Vladislav Gavrikov,CLS,D,20,2,10,12,9,10,23,1,0,0,0,0,29,35
Nicolas Roy,VGK,C,20,2,7,9,4,27,36,0,0,0,0,0,24,12
Jacob Middleton,SJ,D,16,2,2,4,5,33,24,0,0,0,0,0,24,21
Christian Fischer,ARI,RW,16,2,3,5,-4,4,19,0,0,0,0,0,17,9
Jansen Harkins,WPG,C,22,2,1,3,-1,2,20,0,0,0,0,0,12,4
Frederick Gaudreau,MIN,C,21,2,8,10,4,2,29,0,0,1,0,1,11,14
Nic Dowd,WAS,C,15,2,3,5,2,4,20,0,0,0,0,0,31,13
Nicolas Aube-Kubel,COL,C,14,2,2,4,-3,12,19,1,0,0,0,0,27,3
Tomas Nosek,BOS,LW,19,2,2,4,-1,6,18,1,0,0,0,1,24,12
Chris Wideman,MON,D,17,2,6,8,-2,22,22,0,0,2,0,0,14,10
Brandon Montour,FLA,D,22,2,8,10,1,20,42,0,1,3,0,0,11,17
Warren Foegele,EDM,LW,21,2,6,8,-6,2,24,0,1,0,0,0,35,7
Ivan Provorov,PHI,D,21,2,6,8,-3,14,39,0,1,2,0,1,14,52
Bryan Rust,PIT,RW,12,2,7,9,1,4,35,0,1,1,0,0,4,4
Michael Raffl,DAL,LW,20,2,4,6,0,4,26,0,0,0,0,2,37,7
Mattias Janmark,VGK,C,17,2,4,6,-2,4,24,1,0,0,1,1,1,2
Jujhar Khaira,CHI,C,15,2,0,2,-1,7,17,0,0,0,0,0,56,7
Colin Miller,BUF,D,22,2,9,11,4,17,34,0,0,2,0,0,30,28
Anthony Mantha,WAS,RW,10,2,4,6,0,4,16,0,0,2,0,0,7,6
Haydn Fleury,SEA,D,13,2,0,2,-2,4,19,1,0,0,0,0,28,20
Justin Dowling,VAN,C,13,2,1,3,-2,2,13,0,0,0,0,0,7,7
Ryan Dzingel,ARI,C,13,2,2,4,0,31,14,0,0,0,0,0,5,5
Josh Manson,ANH,D,24,2,1,3,3,37,34,0,0,0,0,0,62,20
Vinnie Hinostroza,BUF,RW,22,2,7,9,-4,8,32,0,0,0,0,0,8,2
Klim Kostin,STL,RW,18,2,3,5,-1,10,20,1,0,0,0,0,50,3
Robert Thomas,STL,C,22,2,18,20,1,10,34,1,0,5,0,0,4,8
Nico Hischier,NJ,C,20,2,11,13,2,8,37,0,1,1,0,1,17,14
Neal Pionk,WPG,D,22,2,10,12,1,14,48,1,1,3,0,0,60,26
Mason Appleton,SEA,C,12,2,1,3,-2,2,16,1,0,0,0,0,8,7
Rudolfs Balcers,SJ,LW,22,2,8,10,-7,4,40,1,0,0,0,1,49,13
Mario Ferraro,SJ,D,22,2,8,10,0,6,18,1,0,0,0,0,49,68
Jan Rutta,TB,D,20,2,4,6,1,14,24,0,0,0,0,0,17,18
Dominic Toninato,WPG,LW,19,2,1,3,-2,2,10,0,0,0,0,0,24,7
Filip Chytil,NYR,C,18,2,2,4,0,6,37,0,0,0,0,0,7,7
Alex Formenton,OTT,LW,17,2,1,3,-9,13,28,1,0,0,0,0,29,4
Jonas Rondbjerg,VGK,RW,13,2,2,4,3,2,10,0,0,0,0,0,5,4
Morgan Geekie,SEA,C,23,2,4,6,-7,8,34,0,0,2,0,0,19,9
Mackenzie Entwistle,CHI,RW,12,2,1,3,-4,0,7,0,0,0,1,0,30,5
Rasmus Kupari,LA,C,19,2,2,4,-2,12,16,1,1,1,0,0,17,5
Barrett Hayton,ARI,C,17,2,1,3,-4,8,15,1,1,0,0,0,21,8
K'Andre Miller,NYR,D,21,2,1,3,0,10,16,0,0,0,0,0,22,29
Martin Fehervary,WAS,D,23,2,3,5,5,6,24,0,0,0,1,0,65,34
Ross Colton,TB,LW,21,2,3,5,-1,4,44,0,0,2,0,0,38,8
Brett Leason,WAS,RW,15,2,2,4,-1,0,20,0,0,0,0,0,8,6
Joe Veleno,DET,C,9,2,1,3,0,4,16,0,0,0,0,0,16,0
Quinn Hughes,VAN,D,23,2,18,20,4,14,49,0,0,9,0,1,4,15
Eric Robinson,CLS,LW,20,2,4,6,1,4,25,0,0,0,0,0,19,7
Adam Gaudette,OTT,C,9,2,1,3,-5,4,11,0,2,0,0,0,9,1
Moritz Seider,DET,D,24,2,14,16,1,16,39,1,0,6,0,0,34,41
Paul Cotter,VGK,C,6,2,0,2,1,4,10,0,0,0,0,0,15,1
Jack Hughes,NJ,C,3,2,1,3,2,0,5,1,0,0,0,0,0,1
Arttu Ruotsalainen,BUF,C,16,2,2,4,-1,6,22,0,0,0,0,0,12,3
Gregory Hofmann,CLS,LW,18,2,4,6,3,8,20,2,0,0,0,0,17,6
Mason McTavish,ANH,C,9,2,1,3,3,2,12,1,0,1,0,0,8,6
Jasper Weatherby,SJ,C,21,2,3,5,-7,14,20,0,1,1,0,0,24,11
Yegor Chinakhov,CLS,RW,16,1,3,4,-7,8,31,0,0,0,0,0,2,5
Justin Danforth,CLS,RW,4,1,0,1,0,0,9,0,0,0,0,0,12,0
John Marino,PIT,D,23,1,9,10,-4,2,31,0,0,2,0,0,28,27
Tim Stutzle,OTT,LW,20,1,7,8,-10,8,41,1,1,4,0,0,28,12
Hendrix Lapierre,WAS,C,6,1,0,1,2,2,7,0,0,0,0,0,1,2
Artem Zub,OTT,D,20,1,6,7,0,12,20,0,0,0,0,0,37,44
Jake Neighbours,STL,LW,9,1,1,2,-2,2,8,1,0,0,0,0,10,1
Colin Blackwell,SEA,C,7,1,1,2,-1,0,9,0,0,0,0,0,11,0
Blake Lizotte,LA,LW,20,1,4,5,3,6,21,0,0,0,0,0,16,2
Cole Caufield,MON,RW,16,1,2,3,-6,2,32,0,0,0,0,0,3,1
Alexei Protas,WAS,C,12,1,3,4,0,0,14,0,0,1,0,0,4,1
Michael Pezzetta,MON,C,11,1,1,2,-2,17,12,0,0,0,0,0,28,2
Mason Marchment,FLA,LW,10,1,6,7,7,6,15,0,0,0,0,0,24,2
Karson Kuhlman,BOS,C,13,1,1,2,0,0,17,0,0,0,0,0,26,5
Ryan Merkley,SJ,D,6,1,0,1,0,2,7,0,0,0,0,0,1,4
Ty Smith,NJ,D,15,1,2,3,-5,4,19,0,0,0,0,0,13,17
Simon Benoit,ANH,D,12,1,0,1,1,0,7,0,0,0,0,0,42,8
Reese Johnson,CHI,RW,13,1,2,3,-2,5,7,0,0,0,0,0,51,5
Niko Mikkola,STL,D,7,1,0,1,3,2,11,0,0,0,0,0,13,5
Alexander Romanov,MON,D,23,1,3,4,-3,9,27,0,0,0,0,0,71,29
Benoit-Olivier Groulx,ANH,C,16,1,2,3,1,2,15,0,0,0,0,0,18,6
Sean Durzi,LA,D,3,1,3,4,-2,2,7,0,1,2,0,0,5,4
Calen Addison,MIN,D,3,1,0,1,-1,0,3,0,0,0,0,0,7,1
Maxim Mamin,FLA,LW,7,1,0,1,-2,0,7,0,0,0,0,0,16,2
Morgan Frost,PHI,C,4,1,1,2,0,4,7,0,0,0,0,0,3,2
Jake Leschyshyn,VGK,C,18,1,3,4,0,6,18,0,0,0,0,0,17,15
Parker Kelly,OTT,C,11,1,1,2,-2,4,9,0,0,0,0,0,27,8
Dylan Coghlan,VGK,D,16,1,3,4,-5,2,24,1,1,1,0,0,13,10
Gabriel Vilardi,LA,C,7,1,0,1,-5,2,7,0,1,0,0,0,0,5
Nolan Patrick,VGK,C,4,1,0,1,1,0,10,0,0,0,0,0,6,1
Michael Rasmussen,DET,C,24,1,6,7,-4,18,35,0,0,0,0,0,30,22
Kristian Vesalainen,WPG,LW,18,1,0,1,3,0,13,0,0,0,0,0,19,2
Eeli Tolvanen,NSH,LW,22,1,5,6,2,2,59,0,0,3,0,0,35,6
Adam Brooks,VGK,C,7,1,1,2,0,0,3,1,0,0,0,0,7,1
Andrej Sustr,TB,D,8,1,0,1,1,2,8,0,0,0,0,0,2,2
Rasmus Ristolainen,PHI,D,19,1,3,4,-7,10,26,0,0,0,0,0,62,35
Jason Dickinson,VAN,C,22,1,2,3,4,13,29,0,0,0,0,0,33,15
Nate Schmidt,WPG,D,22,1,11,12,1,0,35,1,0,7,0,0,12,31
Brett Pesce,CAR,D,15,1,6,7,1,8,26,1,1,2,0,0,7,19
Colton Parayko,STL,D,22,1,9,10,-3,8,43,0,0,1,0,0,18,44
Nicholas Merkley,SJ,C,7,1,2,3,-3,0,6,0,0,1,0,0,7,1
Liam O'Brien,ARI,C,17,1,1,2,1,41,11,0,0,0,0,0,47,2
Dylan Strome,CHI,C,12,1,2,3,-1,14,19,1,1,0,0,0,2,7
Noah Hanifin,CGY,D,21,1,7,8,13,2,40,0,0,3,0,0,11,21
Dysin Mayo,ARI,D,18,1,0,1,-3,4,19,0,0,0,0,0,19,38
Marcus Pettersson,PIT,D,19,1,4,5,11,8,23,0,0,0,0,0,40,14
Kyle Burroughs,VAN,D,20,1,1,2,-5,17,22,0,0,0,0,0,54,27
Pierre-Edouard Bellemare,TB,C,21,1,3,4,2,4,18,1,0,0,0,0,31,14
Ryan Graves,NJ,D,20,1,6,7,9,10,30,0,0,0,0,0,28,38
Dylan DeMelo,WPG,D,22,1,2,3,3,8,21,0,0,0,1,0,24,26
Travis Dermott,TOR,D,17,1,1,2,1,2,15,1,0,0,0,0,18,13
Brandon Carlo,BOS,D,19,1,1,2,-2,6,41,0,0,0,0,0,34,27
Evgeny Svechnikov,WPG,LW,21,1,6,7,3,16,31,0,0,0,0,0,29,7
Jordan Greenway,MIN,LW,18,1,5,6,10,15,22,1,0,0,0,0,38,10
Erik Cernak,TB,D,13,1,3,4,1,10,31,0,0,0,0,0,38,18
Keegan Kolesar,VGK,RW,22,1,6,7,-4,18,36,0,0,0,0,0,63,15
Anton Blidh,BOS,LW,9,1,2,3,0,0,5,0,0,0,0,0,24,5
Gabriel Carlsson,CLS,D,7,1,1,2,0,0,4,0,0,0,0,0,6,5
Derek Ryan,EDM,C,18,1,0,1,-10,2,15,0,0,0,0,0,6,11
Ethan Bear,CAR,D,16,1,5,6,8,12,23,0,0,0,0,0,14,17
Dominik Simon,PIT,C,17,1,3,4,-1,4,19,1,0,1,0,0,14,10
Nikita Zaitsev,OTT,D,15,1,0,1,-5,10,19,0,0,0,0,0,34,26
Logan Brown,STL,C,1,1,0,1,1,0,1,0,0,0,0,0,0,0
Julien Gauthier,NYR,RW,12,1,3,4,1,2,25,1,0,0,0,0,27,3
Andrew Peeke,CLS,D,20,1,4,5,-1,15,10,0,0,0,0,0,33,35
Noah Gregor,SJ,C,6,1,2,3,1,6,15,0,0,0,0,0,12,3
Filip Hronek,DET,D,22,1,10,11,1,24,35,0,0,2,0,0,19,35
Henrik Borgstrom,CHI,C,12,1,1,2,-3,0,13,0,0,1,0,0,4,5
Josh Mahura,ANH,D,10,1,1,2,-4,2,8,0,0,0,0,0,19,14
Garrett Pilon,WAS,C,2,1,0,1,1,0,1,0,0,0,0,0,2,0
Beck Malenstyn,WAS,C,4,1,0,1,1,2,3,0,0,0,0,0,13,2
Givani Smith,DET,LW,18,1,1,2,-4,19,18,0,0,0,0,0,33,8
Brett Murray,BUF,LW,4,1,2,3,1,6,4,0,0,0,0,0,5,1
Vinni Lettieri,ANH,C,4,1,1,2,-1,0,8,0,1,1,0,0,9,3
Tucker Poolman,VAN,D,21,1,2,3,4,10,28,0,0,0,0,0,17,36
Zack MacEwen,PHI,C,19,1,0,1,-8,20,20,1,0,0,0,0,36,10
Zach Aston-Reese,PIT,C,21,1,5,6,4,11,24,0,0,0,0,0,80,9
Trevor Moore,LA,LW,21,1,1,2,-1,4,39,0,0,0,0,0,19,7
Logan Shaw,OTT,RW,16,1,2,3,-3,2,16,0,0,0,0,0,8,5
Andy Andreoff,NYI,C,4,1,0,1,-1,0,5,0,0,0,0,0,7,1
Robert Bortuzzo,STL,D,18,1,1,2,0,11,11,0,0,0,0,0,32,21
Brady Skjei,CAR,D,21,1,4,5,3,16,40,0,0,0,0,0,23,21
Mike Matheson,PIT,D,20,1,6,7,-2,4,28,1,0,1,0,0,26,22
Jean-Gabriel Pageau,NYI,C,16,1,3,4,-2,7,25,0,0,0,0,0,34,6
Cody Ceci,EDM,D,20,1,5,6,-3,2,27,0,0,0,0,0,28,28
Jake McCabe,CHI,D,21,1,1,2,-9,11,22,0,0,0,0,0,47,46
Jordan Martinook,CAR,LW,21,1,5,6,1,8,19,0,0,0,0,0,27,5
Damon Severson,NJ,D,19,1,3,4,-6,16,37,0,0,2,0,0,21,34
Devin Shore,EDM,C,8,1,1,2,-3,4,5,0,0,0,0,0,10,5
Nathan MacKinnon,COL,C,9,1,11,12,-3,4,28,0,1,2,0,0,10,12
Robert Hagg,BUF,D,22,1,3,4,-9,15,20,0,0,0,0,0,43,49
Matt Nieto,SJ,LW,15,1,1,2,-1,2,18,0,0,0,0,0,21,8
William Karlsson,VGK,C,8,1,2,3,-4,0,17,0,0,0,0,0,5,6
Nikita Kucherov,TB,RW,3,1,3,4,0,0,9,0,1,2,0,0,2,2
Connor Murphy,CHI,D,21,1,1,2,-12,16,16,0,0,0,0,0,47,47
Adam Larsson,SEA,D,23,1,5,6,-9,16,30,1,0,1,0,0,58,43
Scott Mayfield,NYI,D,17,1,0,1,-9,28,23,0,0,0,0,0,24,38
Joel Armia,MON,RW,24,1,3,4,1,6,45,0,0,0,0,0,51,13
Jamie Oleksiak,SEA,D,23,1,8,9,3,28,30,0,0,0,0,0,72,24
Kevin Hayes,PHI,C,3,1,1,2,-2,2,8,0,0,1,0,0,3,1
Calle Jarnkrok,SEA,C,14,1,1,2,-8,2,15,0,0,0,0,0,8,3
Justin Braun,PHI,D,21,1,7,8,1,14,24,0,0,0,0,0,30,45
Riley Sheahan,SEA,C,17,1,2,3,3,0,17,0,0,0,0,0,4,9
Tyler Johnson,CHI,C,8,1,2,3,-6,10,11,0,0,2,0,0,16,3
Derek Grant,ANH,C,21,1,4,5,-6,14,28,0,0,0,0,1,17,16
Mark Stone,VGK,RW,10,1,9,10,3,6,20,0,0,0,0,1,6,10
Michael Sgarbossa,WAS,LW,4,1,0,1,0,0,4,0,0,0,0,0,1,0
Jake Muzzin,TOR,D,24,1,7,8,1,6,27,0,0,0,0,1,49,30
Kyle Turris,EDM,C,15,1,1,2,-5,4,12,0,0,0,0,0,7,3
Jakub Voracek,CLS,LW,20,1,17,18,-4,10,35,0,1,9,0,0,7,6
Kris Letang,PIT,D,19,1,12,13,0,16,47,1,0,3,0,0,48,32
Ryan McDonagh,TB,D,21,1,6,7,0,6,28,0,0,0,0,0,31,41
Nate Thompson,PHI,C,19,1,0,1,-8,29,7,0,0,0,0,0,29,8
Alexander Radulov,DAL,RW,20,1,8,9,-10,4,35,0,0,5,0,0,14,23
Blake Comeau,DAL,LW,6,1,0,1,-1,4,2,0,0,0,0,0,13,3
Jack Johnson,COL,D,17,1,2,3,-2,24,12,0,0,0,0,0,20,13
Marc Staal,DET,D,21,1,3,4,0,4,23,1,0,0,0,0,22,25
Brent Burns,SJ,D,22,1,11,12,-1,16,55,0,1,2,0,1,12,42
Ryan Getzlaf,ANH,C,23,1,19,20,0,6,55,1,1,4,0,0,38,24
Duncan Keith,EDM,D,18,1,4,5,-1,2,22,1,0,0,0,0,8,29
Kyle Palmieri,NYI,RW,17,1,6,7,-5,33,42,0,0,1,0,0,14,5
Dmitry Kulikov,MIN,D,21,1,9,10,8,4,11,0,0,0,0,0,28,21
Erik Haula,BOS,C,18,1,2,3,-5,4,29,0,0,0,0,0,35,8
Jakob Silfverberg,ANH,RW,18,1,9,10,7,10,46,0,1,1,0,0,7,18
Nicolas Deslauriers,ANH,LW,24,1,2,3,-8,23,25,0,0,0,0,0,108,17
Chris Tanev,CGY,D,22,1,5,6,6,6,21,0,0,0,0,0,10,30
Drew Doughty,LA,D,5,1,7,8,3,2,9,0,1,2,0,0,7,2
Zach Bogosian,TB,D,10,1,3,4,2,13,17,1,0,0,0,0,30,4
Luke Schenn,VAN,D,10,1,4,5,4,10,13,1,0,0,0,0,38,11
P.K. Subban,NJ,D,20,1,8,9,0,12,36,1,0,0,0,1,29,27
Josh Bailey,NYI,LW,12,1,5,6,-5,0,8,1,0,2,0,0,7,6
Justin Schultz,WAS,D,20,1,1,2,2,2,19,1,1,0,0,0,10,26
Tyler Ennis,OTT,LW,18,1,8,9,-5,8,25,0,1,2,0,0,29,7
Tyler Bozak,STL,C,21,1,6,7,-4,6,20,0,0,1,0,1,9,6
Ryan Ellis,PHI,D,4,1,4,5,2,0,6,0,0,2,0,0,1,6
John Moore,BOS,D,1,0,0,0,1,2,2,0,0,0,0,0,1,1
Calvin de Haan,CHI,D,20,0,0,0,-8,4,20,0,0,0,0,0,34,44
Nick Holden,OTT,D,14,0,1,1,-10,2,11,0,0,0,0,0,20,21
Jay Beagle,ARI,C,19,0,0,0,-12,8,12,0,0,0,0,0,31,7
Marco Scandella,STL,D,22,0,4,4,0,8,31,0,0,0,0,1,33,32
T.J. Brodie,TOR,D,24,0,5,5,8,8,11,0,0,0,0,0,11,33
Greg Pateryn,ANH,D,2,0,0,0,1,4,3,0,0,0,0,0,3,3
Travis Hamonic,VAN,D,7,0,1,1,-1,0,11,0,0,0,0,0,11,17
Michael Stone,CGY,D,1,0,0,0,1,0,3,0,0,0,0,0,2,2
Zac Dalpe,FLA,C,1,0,0,0,-1,0,0,0,0,0,0,0,2,1
Tyler Myers,VAN,D,24,0,6,6,0,15,37,0,0,0,0,0,48,48
Erik Gudbranson,CGY,D,22,0,4,4,2,26,35,0,0,0,0,0,26,27
Casey Cizikas,NYI,C,16,0,1,1,-6,8,22,0,0,0,0,0,38,10
Matt Martin,NYI,LW,15,0,1,1,-3,24,15,0,0,0,0,0,63,6
Kevin Connauton,FLA,D,12,0,0,0,5,2,13,0,0,0,0,0,25,8
David Savard,MON,D,24,0,4,4,-6,8,19,0,0,0,0,1,46,42
Alec Martinez,VGK,D,11,0,3,3,3,4,11,0,0,0,0,0,9,33
Kyle Clifford,TOR,LW,3,0,1,1,-1,0,5,0,0,0,0,0,6,0
Brian Dumoulin,PIT,D,18,0,2,2,-7,10,22,0,0,0,0,0,20,32
Nick Leddy,DET,D,24,0,7,7,-8,10,23,0,0,1,0,0,14,19
Richard Panik,NYI,RW,4,0,1,1,-2,0,4,0,0,1,0,0,9,2
Blake Wheeler,WPG,RW,17,0,7,7,-2,8,39,0,0,1,0,0,23,6
Loui Eriksson,ARI,RW,21,0,3,3,-9,2,25,0,0,0,0,0,2,4
Zach Parise,NYI,LW,17,0,3,3,-3,10,31,0,0,0,0,0,17,9
Zdeno Chara,NYI,D,15,0,2,2,-3,27,16,0,0,0,0,0,33,15
Marc-Edouard Vlasic,SJ,D,16,0,5,5,-4,6,15,0,0,0,0,0,12,17
Jonathan Toews,CHI,C,21,0,9,9,-10,10,37,0,0,2,0,0,7,6
Andy Greene,NYI,D,13,0,1,1,-3,0,6,0,0,0,0,0,6,26
Thomas Hickey,NYI,D,2,0,0,0,-3,0,0,0,0,0,0,0,2,3
Ian Cole,CAR,D,21,0,2,2,5,8,23,0,0,0,0,0,29,31
Riley Nash,WPG,C,15,0,0,0,-1,4,7,0,0,0,0,0,11,5
Keith Yandle,PHI,D,21,0,5,5,-9,2,40,0,0,2,0,0,12,16
Nick Foligno,BOS,LW,11,0,4,4,-4,11,20,0,0,1,0,0,36,5
Jeff Petry,MON,D,24,0,2,2,-4,6,37,0,0,0,0,0,49,28
Kris Russell,EDM,D,10,0,2,2,8,2,9,0,0,0,0,0,10,31
Andrej Sekera,DAL,D,14,0,2,2,-2,10,11,0,0,0,0,0,11,10
Alexander Edler,LA,D,21,0,8,8,5,16,32,0,0,0,0,0,33,37
Ryan Reaves,NYR,RW,17,0,3,3,-2,11,8,0,0,0,0,0,81,4
Patrik Nemeth,NYR,D,21,0,2,2,-5,6,16,0,0,0,0,0,33,46
Justin Holl,TOR,D,18,0,0,0,3,6,10,0,0,0,0,0,41,37
Johan Larsson,ARI,C,16,0,5,5,-4,13,12,0,0,0,0,0,30,10
Greg McKegg,NYR,C,8,0,0,0,-2,0,5,0,0,0,0,0,7,7
Mark Borowiecki,NSH,D,16,0,0,0,-4,41,12,0,0,0,0,0,37,17
Carl Hagelin,WAS,LW,23,0,3,3,4,14,28,0,0,0,0,0,16,4
Colton Sceviour,EDM,RW,12,0,1,1,-2,19,15,0,0,0,0,1,20,12
Tyler Pitlick,CGY,C,19,0,2,2,-1,2,17,0,0,0,0,0,37,13
Jarred Tinordi,NYR,D,5,0,0,0,-5,7,2,0,0,0,0,0,14,2
Austin Watson,OTT,LW,7,0,0,0,-5,19,6,0,0,0,0,0,18,10
Mark Pysyk,BUF,D,22,0,4,4,3,6,27,0,0,0,0,0,16,33
Nathan Beaulieu,WPG,D,10,0,1,1,-2,7,9,0,0,0,0,0,4,8
Mattias Ekholm,NSH,D,22,0,3,3,-3,8,37,0,0,0,0,0,9,24
Sven Baertschi,VGK,LW,1,0,0,0,-1,0,1,0,0,0,0,0,0,0
Brett Ritchie,CGY,RW,9,0,0,0,3,11,18,0,0,0,0,0,12,2
Rocco Grimaldi,NSH,C,5,0,0,0,1,0,6,0,0,0,0,0,4,0
Dmitrij Jaskin,ARI,RW,12,0,1,1,-6,4,23,0,0,0,0,0,47,9
Scott Harrington,CLS,D,6,0,1,1,-4,4,4,0,0,0,0,0,6,8
Darnell Nurse,EDM,D,16,0,11,11,4,14,53,0,0,5,0,0,66,20
Curtis Lazar,BOS,C,14,0,3,3,-1,2,16,0,0,0,0,1,32,7
Ryan Pulock,NYI,D,12,0,2,2,-2,0,19,0,0,1,0,0,25,34
Danny DeKeyser,DET,D,19,0,2,2,-5,8,28,0,0,0,0,0,15,40
Chad Ruhwedel,PIT,D,19,0,1,1,-1,2,23,0,0,0,0,0,33,17
John Klingberg,DAL,D,16,0,7,7,-3,4,26,0,0,2,0,0,16,20
Jayson Megna,COL,LW,17,0,2,2,-3,4,17,0,0,0,0,0,25,8
Radko Gudas,FLA,D,21,0,5,5,6,24,37,0,0,0,0,0,96,35
Jani Hakanpaa,DAL,D,19,0,2,2,4,27,15,0,0,0,0,0,45,20
Alex Galchenyuk,ARI,RW,9,0,2,2,-1,2,15,0,0,1,0,0,4,5
Stefan Matteau,COL,RW,1,0,0,0,0,0,0,0,0,0,0,0,0,0
Adam Pelech,NYI,D,13,0,2,2,4,2,10,0,0,0,0,0,23,27
Olli Maatta,LA,D,15,0,2,2,-4,0,10,0,0,0,0,0,12,25
Slater Koekkoek,EDM,D,11,0,1,1,-2,10,4,0,0,0,0,0,12,11
Jordie Benn,MIN,D,6,0,1,1,4,2,9,0,0,0,0,0,8,7
Brenden Dillon,WPG,D,22,0,3,3,7,17,32,0,0,0,0,0,64,28
Josh Leivo,CAR,LW,2,0,0,0,-2,0,2,0,0,0,0,0,1,0
Kyle Rau,MIN,C,3,0,0,0,-2,0,2,0,0,0,0,0,2,0
Leo Komarov,FA,LW,1,0,0,0,0,2,0,0,0,0,0,0,3,0
Ryan Murray,COL,D,17,0,4,4,-1,2,10,0,0,0,0,1,14,22
Lane Pederson,SJ,C,12,0,0,0,-8,6,6,0,0,0,0,0,21,6
Oskar Lindblom,PHI,LW,20,0,1,1,-9,6,23,0,0,0,0,0,25,10
Dylan Gambrell,OTT,C,9,0,0,0,-3,4,11,0,0,0,0,0,17,6
Joey Anderson,TOR,RW,1,0,0,0,0,0,4,0,0,0,0,0,0,0
Colton White,NJ,D,6,0,1,1,4,2,4,0,0,0,0,0,5,1
Gavin Bayreuther,CLS,D,12,0,4,4,-5,11,16,0,0,0,0,0,17,16
Matthew Highmore,VAN,C,8,0,2,2,-1,2,10,0,0,0,0,0,8,9
William Lagesson,EDM,D,3,0,0,0,1,4,6,0,0,0,0,0,3,2
Matt Roy,LA,D,21,0,6,6,0,10,52,0,0,2,0,0,25,32
Max Lajoie,CAR,D,1,0,0,0,0,0,2,0,0,0,0,0,2,2
Axel Jonsson-Fjallby,WAS,LW,8,0,1,1,1,2,9,0,0,0,0,0,6,3
Chase Priskie,FLA,D,1,0,0,0,-1,2,1,0,0,0,0,0,0,1
Cam Dineen,ARI,D,8,0,1,1,-5,0,7,0,0,0,0,0,3,10
Dante Fabbro,NSH,D,22,0,4,4,6,12,24,0,0,0,0,0,8,27
Riley Tufte,DAL,LW,2,0,0,0,0,0,0,0,0,0,0,0,2,1
Logan Stanley,WPG,D,22,0,6,6,1,18,25,0,0,0,0,1,52,23
Kieffer Bellows,NYI,LW,5,0,1,1,2,2,3,0,0,0,0,0,15,2
Michael McLeod,NJ,C,20,0,3,3,-6,9,27,0,0,0,0,0,30,7
Max Jones,ANH,LW,2,0,0,0,-1,15,2,0,0,0,0,0,2,0
Boris Katchouk,TB,LW,13,0,3,3,3,10,11,0,0,0,0,0,35,1
Markus Niemelainen,EDM,D,1,0,0,0,-1,0,0,0,0,0,0,0,5,0
Dennis Cholowski,WAS,D,4,0,0,0,-4,2,2,0,0,0,0,0,2,5
Kale Clague,LA,D,11,0,5,5,-2,2,6,0,0,3,0,0,0,9
Taylor Raddysh,TB,RW,20,0,3,3,1,4,21,0,0,0,0,0,22,4
Victor Mete,OTT,D,14,0,5,5,-11,2,12,0,0,0,0,0,2,16
Trent Frederic,BOS,C,12,0,1,1,-3,5,17,0,0,0,0,0,28,1
Tyler Benson,EDM,LW,10,0,0,0,-3,6,6,0,0,0,0,0,13,0
Troy Stecher,DET,D,6,0,1,1,1,2,5,0,0,0,0,0,8,7
Paul LaDue,NYI,D,1,0,0,0,-2,0,1,0,0,0,0,0,2,1
Markus Nutivaara,FLA,D,1,0,1,1,0,0,0,0,0,0,0,0,1,0
Dan Renouf,DET,D,1,0,0,0,2,0,0,0,0,0,0,0,1,0
Matt Benning,NSH,D,19,0,2,2,-5,12,18,0,0,0,0,0,26,22
Nick Seeler,PHI,D,19,0,0,0,-3,13,11,0,0,0,0,0,31,27
Caleb Jones,CHI,D,4,0,0,0,-2,0,1,0,0,0,0,0,3,2
Philippe Myers,NSH,D,8,0,0,0,2,2,11,0,0,0,0,0,12,5
Kevin Stenlund,CLS,C,3,0,0,0,0,2,3,0,0,0,0,0,2,2
Rasmus Andersson,CGY,D,22,0,11,11,15,10,32,0,0,5,0,0,8,32
Mitchell Stephens,DET,C,16,0,4,4,-5,4,13,0,0,0,0,0,9,8
Jeremy Lauzon,SEA,D,20,0,3,3,-7,34,20,0,0,0,0,0,65,15
Sami Niku,MON,D,9,0,3,3,2,2,8,0,0,1,0,0,5,13
Austin Strand,LA,D,2,0,0,0,-1,0,0,0,0,0,0,0,1,1
Will Borgen,SEA,D,2,0,1,1,1,2,2,0,0,0,0,0,1,8
Lucas Carlsson,FLA,D,7,0,1,1,-1,2,12,0,0,0,0,0,8,5
Jonas Siegenthaler,NJ,D,20,0,4,4,2,13,24,0,0,0,0,0,23,35
Dean Kukan,CLS,D,2,0,0,0,2,0,3,0,0,0,0,0,3,1
Joonas Donskoi,SEA,RW,23,0,11,11,4,2,29,0,0,2,0,0,15,11
Thomas Chabot,OTT,D,20,0,8,8,0,10,49,0,0,3,0,0,24,33
Nicolas Meloche,SJ,D,6,0,1,1,-3,0,7,0,0,0,0,0,15,9
Thomas Novak,NSH,C,19,0,6,6,-3,2,18,0,0,3,0,0,2,4
Erik Gustafsson,CHI,D,20,0,5,5,1,2,22,0,0,1,0,0,16,21
Glenn Gawdin,CGY,C,2,0,0,0,0,2,3,0,0,0,0,0,1,1
Juho Lammikko,VAN,RW,20,0,1,1,-5,4,14,0,0,0,0,0,23,13
Chase De Leo,NJ,C,2,0,0,0,-1,0,2,0,0,0,0,0,5,0
Joel Hanley,DAL,D,7,0,0,0,-2,0,3,0,0,0,0,0,6,7
Ross Johnston,NYI,LW,1,0,0,0,-1,0,0,0,0,0,0,0,4,0
Nick Schmaltz,ARI,RW,6,0,1,1,-8,2,10,0,0,0,0,0,0,2
Oskar Sundqvist,STL,C,8,0,3,3,3,6,13,0,0,0,0,0,14,4
Max McCormick,SEA,LW,5,0,0,0,0,4,6,0,0,0,0,0,6,3
Jake Walman,STL,D,14,0,2,2,2,2,17,0,0,0,0,0,9,12
Mark Friedman,PIT,D,11,0,4,4,3,6,11,0,0,0,0,0,19,13
Michael Amadio,VGK,C,11,0,1,1,-1,0,9,0,0,0,0,0,8,4
Mason Geertsen,NJ,D,6,0,0,0,-1,24,2,0,0,0,0,0,16,1
Tanner Kero,DAL,LW,7,0,2,2,0,0,3,0,0,0,0,0,3,3
Josh Brown,OTT,D,13,0,0,0,-5,7,11,0,0,0,0,0,38,18
Fredrik Claesson,TB,D,3,0,0,0,-1,0,2,0,0,0,0,0,4,3
Jaycob Megna,SJ,D,6,0,0,0,3,4,5,0,0,0,0,0,7,5
Ben Harpur,NSH,D,4,0,0,0,-6,4,3,0,0,0,0,0,9,8
MacKenzie Weegar,FLA,D,22,0,12,12,16,10,39,0,0,0,0,1,66,48
Trevor van Riemsdyk,WAS,D,23,0,7,7,3,4,27,0,0,0,0,1,11,33
Sammy Blais,NYR,LW,14,0,4,4,3,17,17,0,0,0,0,0,37,8
Kurtis MacDermid,COL,D,7,0,0,0,-4,5,4,0,0,0,0,0,9,4
Ben Hutton,VGK,D,8,0,2,2,-1,12,8,0,0,0,0,0,6,10
Jakub Zboril,BOS,D,9,0,3,3,1,4,12,0,0,0,0,0,24,8
Gustav Forsling,FLA,D,21,0,12,12,5,12,44,0,0,0,0,0,15,24
Andrew Agozzino,OTT,LW,1,0,0,0,0,0,1,0,0,0,0,0,4,0
John Hayden,BUF,C,18,0,1,1,-4,9,18,0,0,0,0,0,36,9
Scott Sabourin,OTT,RW,3,0,0,0,-1,2,3,0,0,0,0,0,8,1
Matt Grzelcyk,BOS,D,19,0,3,3,-5,6,40,0,0,0,0,0,10,26
Brad Hunt,VAN,D,4,0,1,1,-5,0,9,0,0,0,0,0,4,0
Frederik Gauthier,NJ,C,8,0,0,0,-1,0,4,0,0,0,0,0,16,3
Justin Bailey,VAN,RW,10,0,0,0,-4,6,10,0,0,0,0,0,9,3
Dillon Heatherington,OTT,D,3,0,0,0,0,0,3,0,0,0,0,0,5,1
Madison Bowey,VAN,D,2,0,0,0,-3,0,0,0,0,0,0,0,4,2
Michael McCarron,NSH,C,6,0,0,0,0,10,5,0,0,0,0,0,12,3
Ryan Carpenter,CHI,C,18,0,2,2,-5,4,20,0,0,1,0,0,57,6
Will Butcher,BUF,D,16,0,2,2,-8,0,14,0,0,1,0,0,7,14
Hudson Fasching,ARI,RW,7,0,0,0,-1,0,1,0,0,0,0,0,10,0
Jaccob Slavin,CAR,D,21,0,10,10,6,6,43,0,0,0,0,0,18,32
Cedric Paquette,MON,C,11,0,0,0,-2,23,8,0,0,0,0,0,27,5
Brett Kulak,MON,D,20,0,5,5,-5,4,20,0,0,0,0,0,18,12
Jordan Oesterle,DET,D,9,0,2,2,2,2,12,0,0,0,0,0,5,8
Esa Lindell,DAL,D,20,0,5,5,4,2,47,0,0,1,0,1,40,42
Patrick Brown,PHI,C,6,0,1,1,-2,0,7,0,0,0,0,0,2,3
Nick Ritchie,TOR,LW,24,0,5,5,-4,19,38,0,0,2,0,0,60,11
Brendan Perlini,EDM,LW,12,0,0,0,-3,2,6,0,0,0,0,0,16,1
Travis Sanheim,PHI,D,21,0,3,3,1,4,33,0,0,0,0,0,14,34
Kole Lind,SEA,RW,2,0,0,0,-2,2,0,0,0,0,0,0,1,0
Conor Timmins,ARI,D,6,0,0,0,-6,0,5,0,0,0,0,0,7,9
Lias Andersson,LA,LW,6,0,0,0,-2,0,11,0,0,0,0,0,6,1
Henri Jokiharju,BUF,D,6,0,1,1,-4,4,6,0,0,0,0,0,2,3
Maxime Comtois,ANH,LW,13,0,1,1,-3,11,19,0,0,0,0,0,16,4
Cal Foote,TB,D,12,0,1,1,2,0,12,0,0,0,0,0,13,11
Juuso Valimaki,CGY,D,8,0,2,2,1,10,11,0,0,0,0,0,7,9
Casey Mittelstadt,BUF,C,1,0,0,0,0,0,0,0,0,0,0,0,0,0
Timothy Liljegren,TOR,D,14,0,2,2,2,4,18,0,0,0,0,0,15,16
Cody Glass,NSH,C,2,0,0,0,0,0,2,0,0,0,0,0,0,2
Calle Rosen,STL,D,5,0,2,2,-1,0,5,0,0,0,0,0,0,4
Connor Bunnaman,PHI,C,3,0,0,0,-2,0,2,0,0,0,0,0,3,0
Dylan Sikura,COL,LW,1,0,0,0,-1,0,0,0,0,0,0,0,0,1
Otto Koivula,NYI,C,2,0,1,1,0,0,2,0,0,0,0,0,1,1
Jack Studnicka,BOS,C,4,0,1,1,-1,2,4,0,0,0,0,0,5,0
Jonah Gadjovich,SJ,LW,12,0,1,1,-5,31,6,0,0,0,0,0,32,1
Kyle Criscuolo,DET,C,1,0,0,0,-1,0,0,0,0,0,0,0,0,0
Sebastian Aho,NYI,D,6,0,1,1,-3,0,14,0,0,0,0,0,5,3
Erik Brannstrom,OTT,D,2,0,0,0,0,2,1,0,0,0,0,0,1,2
Gustav Lindstrom,DET,D,18,0,4,4,-1,8,20,0,0,0,0,0,16,26
Fabian Zetterlund,NJ,LW,3,0,0,0,1,0,3,0,0,0,0,0,5,1
Pierre-Olivier Joseph,PIT,D,4,0,0,0,-2,2,7,0,0,0,0,0,6,4
Radim Simek,SJ,D,14,0,1,1,-2,2,14,0,0,0,0,0,25,15
Christian Jaros,NJ,D,2,0,0,0,0,0,3,0,0,0,0,0,3,1
Ian Mitchell,CHI,D,3,0,1,1,-1,0,2,0,0,1,0,0,2,2
Mikey Anderson,LA,D,21,0,1,1,3,2,18,0,0,0,0,0,37,30
Robin Salo,NYI,D,4,0,0,0,-4,0,4,0,0,0,0,0,3,5
Scott Reedy,SJ,C,2,0,0,0,0,0,1,0,0,0,0,0,0,3
Jesper Boqvist,NJ,C,5,0,1,1,-4,2,6,0,0,0,0,0,5,0
Martin Kaut,COL,RW,6,0,0,0,2,0,1,0,0,0,0,0,6,3
Nicolas Beaudin,CHI,D,1,0,0,0,-1,0,1,0,0,0,0,0,0,1
Philipp Kurashev,CHI,LW,19,0,5,5,-5,8,30,0,0,2,0,0,5,5
Rasmus Sandin,TOR,D,23,0,7,7,6,2,22,0,0,2,0,0,35,15
Nils Lundkvist,NYR,D,16,0,3,3,1,0,15,0,0,1,0,0,10,12
Gabriel Fortier,TB,LW,1,0,0,0,-1,0,1,0,0,0,0,0,3,1
Jacob Bernard-Docker,OTT,D,2,0,1,1,1,0,0,0,0,0,0,0,1,0
Jan Jenik,ARI,C,2,0,0,0,0,0,2,0,0,0,0,0,7,1
Egor Sokolov,OTT,LW,4,0,0,0,-2,4,5,0,0,0,0,0,3,2
Sampo Ranta,COL,LW,10,0,0,0,-4,2,9,0,0,0,0,0,9,6
Scott Perunovich,STL,D,8,0,3,3,4,2,5,0,0,1,0,0,3,5
Connor Dewar,MIN,C,4,0,0,0,-3,6,4,0,0,0,0,0,6,3
Juuso Riikola,PIT,D,5,0,1,1,2,2,7,0,0,0,0,0,13,2
Ilya Lyubushkin,ARI,D,23,0,4,4,-10,12,17,0,0,0,0,0,46,31
Sean Walker,LA,D,6,0,2,2,-1,4,18,0,0,1,0,0,9,9
Oskar Steen,BOS,C,2,0,2,2,1,0,1,0,0,0,0,0,0,0
Grant Hutton,NYI,D,4,0,0,0,0,0,6,0,0,0,0,0,2,5
Jack Rathbone,VAN,D,9,0,0,0,-5,2,10,0,0,0,0,0,5,8
Wyatt Kalynuk,CHI,D,1,0,0,0,0,0,1,0,0,0,0,0,1,0
Jalen Chatfield,CAR,D,1,0,0,0,-1,0,2,0,0,0,0,0,5,0
Noah Dobson,NYI,D,15,0,4,4,1,4,28,0,0,1,0,0,23,32
Connor Clifton,BOS,D,11,0,1,1,-4,15,20,0,0,0,0,0,34,6
Kiefer Sherwood,COL,LW,8,0,1,1,2,0,7,0,0,0,0,0,8,3
Christian Wolanin,LA,D,1,0,0,0,-2,0,0,0,0,0,0,0,0,2
Marian Studenic,NJ,RW,5,0,0,0,-1,0,9,0,0,0,0,0,3,3
Jacob MacDonald,COL,D,3,0,0,0,-1,0,8,0,0,0,0,0,4,1
Riley Stillman,CHI,D,12,0,2,2,-4,7,8,0,0,0,0,0,34,12
Sam Lafferty,PIT,RW,7,0,1,1,0,7,7,0,0,0,0,0,24,1
Ben Jones,VGK,C,2,0,0,0,0,2,1,0,0,0,0,0,4,1
Alex Belzile,MON,LW,8,0,0,0,1,2,9,0,0,0,0,0,6,3
Joel Kiviranta,DAL,RW,18,0,2,2,-1,8,13,0,0,0,0,0,40,8
Artemi Kniazev,SJ,D,1,0,0,0,-2,0,2,0,0,0,0,0,1,0
Dakota Joshua,STL,LW,8,0,0,0,-1,5,8,0,0,0,0,0,23,1
Tobias Bjornfot,LA,D,21,0,3,3,0,2,20,0,0,0,0,0,2,26
Pavel Dorofeyev,VGK,LW,1,0,0,0,0,0,0,0,0,0,0,0,0,0
Mathieu Olivier,NSH,RW,5,0,1,1,0,12,1,0,0,0,0,0,11,4
Adam Beckman,MIN,LW,3,0,1,1,-1,2,4,0,0,0,0,0,1,1
Philip Broberg,EDM,D,5,0,1,1,-4,4,7,0,0,0,0,0,3,4
Victor Soderstrom,ARI,D,9,0,0,0,-3,4,6,0,0,0,0,0,4,9
Jacob Bryson,BUF,D,21,0,5,5,-3,8,9,0,0,4,0,0,14,26
Shane Pinto,OTT,C,5,0,1,1,0,2,5,0,0,1,0,0,0,1
Peyton Krebs,BUF,C,9,0,0,0,-6,2,10,0,0,0,0,0,6,3
Thomas Harley,DAL,D,4,0,0,0,1,0,5,0,0,0,0,0,4,5
Lassi Thomson,OTT,D,7,0,3,3,-7,2,9,0,0,1,0,0,12,4
Morgan Barron,NYR,LW,2,0,0,0,0,2,0,0,0,0,0,0,2,0
Cole Perfetti,WPG,LW,2,0,0,0,-2,0,1,0,0,0,0,0,1,0
Alexander Holtz,NJ,RW,6,0,2,2,-2,2,11,0,0,1,0,0,3,2
Tyce Thompson,NJ,C,2,0,0,0,0,0,3,0,0,0,0,0,2,0
Mikhail Maltsev,COL,C,3,0,0,0,-3,0,4,0,0,0,0,0,3,1
Mattias Norlinder,MON,D,5,0,1,1,1,2,2,0,0,0,0,0,4,3
Kirill Semyonov,FA,C,3,0,0,0,-2,0,1,0,0,0,0,0,4,0
Santeri Hatakka,SJ,D,7,0,1,1,-3,2,2,0,0,0,0,0,4,5
Ben McCartney,ARI,LW,2,0,0,0,0,4,2,0,0,0,0,0,7,0
Vladimir Tkachev,LA,LW,4,0,2,2,-2,2,1,0,0,2,0,0,1,0
William Eklund,SJ,LW,9,0,4,4,-3,2,8,0,0,3,0,0,4,4
Daniil Miromanov,VGK,RW,3,0,1,1,1,0,3,0,0,0,0,0,1,2
Max Willman,PHI,LW,7,0,0,0,-4,4,9,0,0,0,0,0,8,1
Mike Hardman,CHI,RW,15,0,2,2,-6,6,10,0,0,0,0,0,44,11
Isaak Phillips,CHI,D,3,0,0,0,-1,4,2,0,0,0,0,0,1,0
Matt Kiersted,FLA,D,3,0,1,1,-1,0,3,0,0,0,0,0,2,3
Walker Duehr,CGY,RW,1,0,0,0,0,0,0,0,0,0,0,0,0,0
John Leonard,SJ,C,5,0,0,0,-1,0,9,0,0,0,0,0,3,1
Jon Lizotte,MIN,D,1,0,0,0,0,2,1,0,0,0,0,0,3,4